University,Department,Name,Title,Status,Field_Group,Already_In_List,Official_Email,Email_Source_URL,Email_Note,Profile_URL,Lab_URL,ORCID_or_Scholar,Research_Keywords,No_Students_Quote,No_Students_URL,Recruiting_Quote,Recruiting_URL,Iran_Visa_Quote,Iran_Visa_URL,Papers_Status
York University,Mechanical Engineering,Aleksander (Alex) Czekanski,"Professor, Interim Chair, Department of Mechanical Engineering, P.Eng",ACTIVE,MECH,YES,alex.czekanski@lassonde.yorku.ca,https://lassonde.yorku.ca/mech/faculty/,SKIP LIST (already contacted),https://lassonde.yorku.ca/users/alex-czekanski/,http://www.idea-lab.ca,,,NONE,,NONE,,NONE,,SKIPPED
York University,Mechanical Engineering,Alidad Amirfazli,Professor,ACTIVE,MECH,YES,alidad2@yorku.ca,https://lassonde.yorku.ca/mech/faculty/,SKIP LIST (already contacted),https://lassonde.yorku.ca/users/alidad2/,https://amirfazli.apps01.yorku.ca/,,,NONE,,NONE,,NONE,,SKIPPED
York University,Mechanical Engineering,Ronald Hanson,"Associate Professor, P.Eng",ACTIVE,MECH,YES,hansonre@yorku.ca,https://lassonde.yorku.ca/mech/faculty/,SKIP LIST (already contacted),https://lassonde.yorku.ca/users/hansonre/,https://rhanson.apps01.yorku.ca/,,,NONE,,NONE,,NONE,,SKIPPED
York University,Mechanical Engineering,Zheng Hong Zhu,"Professor, P.Eng",ACTIVE,MECH,YES,gzhu@yorku.ca,https://lassonde.yorku.ca/mech/faculty/,SKIP LIST (already contacted),https://lassonde.yorku.ca/users/gzhu/,https://gzhu.apps01.yorku.ca/,,,NONE,,NONE,,NONE,,SKIPPED
York University,Mechanical Engineering,Edris Hassan,"Assistant Professor, Teaching Stream, P.Eng., PMP, LEED, CUTL",TEACHING_STREAM,,NO,edris@lassonde.yorku.ca,https://lassonde.yorku.ca/mech/faculty/,,https://lassonde.yorku.ca/users/ehassan/,,,,NONE,,NONE,,NONE,,SKIPPED
York University,Mechanical Engineering,Jeffrey Harris,"Associate Professor, Teaching Stream",TEACHING_STREAM,,NO,jpharris@yorku.ca,https://lassonde.yorku.ca/mech/faculty/,,https://lassonde.yorku.ca/users/jpharris/,,,,NONE,,NONE,,NONE,,SKIPPED
York University,Mechanical Engineering,Hossam Sadek,"Associate Professor - Teaching Stream, P.Eng",TEACHING_STREAM,,NO,sadekhs@yorku.ca,https://lassonde.yorku.ca/mech/faculty/,,https://lassonde.yorku.ca/users/sadekhs/,,,,NONE,,NONE,,NONE,,SKIPPED
York University,Mechanical Engineering,Shaundell Dubay,Sessional Assistant Professor (CLA),TEACHING_STREAM,,NO,sdubay@yorku.ca,https://lassonde.yorku.ca/mech/faculty/,,https://lassonde.yorku.ca/users/sdubay/,,,,NONE,,NONE,,NONE,,SKIPPED
York University,Mechanical Engineering,Andrew Maxwell,Professor,ACTIVE,ENG_MGMT,NO,andrew.maxwell@lassonde.yorku.ca,https://lassonde.yorku.ca/mech/faculty/,Field group judged from profile bio (technology entrepreneurship); no research-interest list on official pages. Emails identical on faculty page and grad membership page.,https://lassonde.yorku.ca/users/andrew-maxwell/,https://lassonde.yorku.ca/best/,,"Technology entrepreneurship (Bergeron Chair in Technology Entrepreneurship; Director, Bergeron Entrepreneurs in Science and Technology)",NONE,,NONE,,NONE,,PENDING
York University,Mechanical Engineering,Cuiying Jian,"Undergraduate Program Director, Associate Professor",ACTIVE,MECH,NO,cuiying.jian@lassonde.yorku.ca,https://lassonde.yorku.ca/mech/faculty/,"Also shown as cuiying.Jian@lassonde.yorku.ca on https://lassonde.yorku.ca/mech/academics/graduate/mech-graduate-program-membership/ and Cuiying.Jian@lassonde.yorku.ca on https://jian.info.yorku.ca/openings/ (same address, case only). Grad membership page shows ""(on leave 01/07/25 – 30/06/26)"" - leave period has ended.",https://lassonde.yorku.ca/users/cuiying-jian/,https://jian.info.yorku.ca/,https://scholar.google.ca/citations?user=QKK6hWsAAAAJ,Natural carbonaceous materials processing; Multiscale modelling of colloidal systems; Carbon-conversion chemistry; Water and wastewater treatment; Organic solar cells,NONE,,Graduate student and postdoctoral fellow positions are available; please contact Dr. Cuiying Jian (Cuiying.Jian@lassonde.yorku.ca) directly for more information with a detailed CV.,https://jian.info.yorku.ca/openings/,NONE,,PENDING
York University,Mechanical Engineering,Garrett Melenka,Associate Professor,ACTIVE,MECH,NO,gmelenka@yorku.ca,https://lassonde.yorku.ca/mech/faculty/,"Grad membership page title: ""Associate Professor, Director, Graduate Program"".",https://lassonde.yorku.ca/users/gmelenka/,https://gmelenka.apps01.yorku.ca/,,Braided Composites; Composite Materials; Mechanical Testing; Optical Strain Measurement; Digital Image Correlation (3D DIC); Micro-computed Tomography (µCT); Additive Manufacturing,NONE,,We are seeking MASc or PhD students for a project on Unmanned Autonomous Vehicles with structural batteries.,https://lassonde.yorku.ca/mech/academics/graduate/open-graduate-positions/,"Due to funding and Lassonde Innovation Fund program requirements, only Canadian citizens or permanent residents of Canada will be considered. [for the UAV structural-batteries position; second listed project (NSF prostheses): ""Preference will be given to domestic students""]",https://lassonde.yorku.ca/mech/academics/graduate/open-graduate-positions/,PENDING
York University,Mechanical Engineering,Roger Kempers,Associate Professor,ACTIVE,MECH,NO,kempers@yorku.ca,https://lassonde.yorku.ca/mech/faculty/,Lab site http://www.tf-lab.ca/ returned 403 over http; https://www.tf-lab.ca/ works.,https://lassonde.yorku.ca/users/kempers/,http://www.tf-lab.ca/,,"Fundamental and Applied Two-Phase Heat Transfer; Thermal Energy Transport, Exchange, & Conversion Technology Development; Advanced Cooling of Electronic Devices & Systems; High Performance Thermal and Electrical Interface Materials; Thermal Materials Characterization; Advanced Manufacturing and Materials for Heat Transfer Applications",NONE,,We are seeking motivated MASc or PhD students in Mechanical Engineering to join an industrial-sponsored project on two-phase refrigerant flow boiling and condensation.,https://lassonde.yorku.ca/mech/academics/graduate/open-graduate-positions/,"Due to funding and NSERC program requirements, only Canadian citizens or permanent residents of Canada will be considered. [for the two-phase flow MASc/PhD position]",https://lassonde.yorku.ca/mech/academics/graduate/open-graduate-positions/,PENDING
York University,Mechanical Engineering,Siu Ning (Sunny) Leung,"Associate Professor, Department Chair",ACTIVE,MECH,NO,leungsun@yorku.ca,https://lassonde.yorku.ca/mech/faculty/,"Title on faculty page ""Associate Professor, Department Chair""; profile bio says Undergraduate Program Director. Lab site m3.apps01.yorku.ca unreachable (403/connection fail).",https://lassonde.yorku.ca/users/leungsun/,http://m3.apps01.yorku.ca/,,Biobased materials; Micro-and-nanostructuring; Multifunctional materials; Nanocellular Foams; Nanocomposites; Properties and simulation of multifunctional material systems; Sustainable energy,NONE,,NONE,,NONE,,PENDING
York University,Mechanical Engineering,Marina Freire-Gormaly,Associate Professor,ACTIVE,MECH,NO,marina.freire-gormaly@lassonde.yorku.ca,https://lassonde.yorku.ca/mech/faculty/,TWO DIFFERENT EMAILS: marina.freire-gormaly@lassonde.yorku.ca on https://lassonde.yorku.ca/mech/faculty/ and profile page; gormaly@lassonde.yorku.ca on https://lassonde.yorku.ca/mech/academics/graduate/mech-graduate-program-membership/. Keywords from grad membership page.,https://lassonde.yorku.ca/users/marina-freire-gormaly/,https://freire-gormaly.lab.yorku.ca/,,"System design and development of smart, integrated and robust water & energy systems; Development of new energy technologies; Machine learning/AI for optimal maintenance; Additive Manufacturing, Laser Manufacturing; Development of mechatronic systems; Energy systems analysis & modeling",NONE,,We are looking for excellent Masters or PhD students and a postdoctoral fellow.,https://freire-gormaly.lab.yorku.ca/open-positions/,NONE,,PENDING
York University,Mechanical Engineering,Nima Tabatabaei,"Associate Professor, Graduate Attribute Lead",ACTIVE,MECH,NO,nimatab@yorku.ca,https://lassonde.yorku.ca/mech/faculty/,Lab site hbo.lab.yorku.ca renders no text to curl (JS).,https://lassonde.yorku.ca/users/nimatab/,http://hbo.lab.yorku.ca/,,"Instrumentation of Medical Devices and Sensors; Biomedical Optics; Optical Microscopy and Tomography; Thermo-Photonics, Thermography, and Photo-Thermal Radiometry; AI-Powered Biomedical Sensing and Imaging",NONE,,NONE,,NONE,,PENDING
York University,Mechanical Engineering,Paul G. O'Brien,Associate Professor,ACTIVE,MECH,NO,paul.obrien@lassonde.yorku.ca,https://lassonde.yorku.ca/mech/faculty/,Lab site https://am-set-lab.ca/ did not respond (connection failed). Keywords from grad membership page.,https://lassonde.yorku.ca/users/paul-obrien/,https://am-set-lab.ca/,,Electrification and decarbonization of buildings; Energy storage; Heat-to-power conversion; Life cycle and techno-economic assessment of energy technologies,NONE,,NONE,,NONE,,PENDING
York University,Mechanical Engineering,Reza Rizvi,Associate Professor,ACTIVE,MECH,NO,rrizvi@yorku.ca,https://lassonde.yorku.ca/mech/faculty/,"SECOND EMAIL: reza.rizvi[at]lassonde.yorku.ca (obfuscated) on lab page https://pixel.lab.yorku.ca/join-us/ -> reza.rizvi@lassonde.yorku.ca. Lab page also: ""Currently, there are no available opportunities for recruitment/support of Postdoctoral Fellows and or Visiting Scholars."" (postdocs only).",https://lassonde.yorku.ca/users/rrizvi/,http://pixel.lab.yorku.ca/,,"Damage Induced Surface Texturing of Composites; Graphene Based Transient Electronics; Exfoliation of 2D Materials; scalable manufacturing of advanced materials (adaptive polymers, graphene, 2D nanomaterials, composites)",NONE,,"If you have interest in joining out vibrant research group, then please submit your application which should include your (i) CV, (2) full university transcripts, (3) list of references, (4) copy of any published works, (5) and a statement of interest - preferably all as a single .pdf file -  to reza.rizvi[at]lassonde.yorku.ca",https://pixel.lab.yorku.ca/join-us/,NONE,,PENDING
York University,Mechanical Engineering,Terry Sachlos,"Associate Professor, Graduate Program Director",ACTIVE,MECH,NO,sachlos@yorku.ca,https://lassonde.yorku.ca/mech/faculty/,"TWO DIFFERENT EMAILS: sachlos@yorku.ca on https://lassonde.yorku.ca/mech/faculty/ and profile; terry.sachlos@lassonde.yorku.ca on https://lassonde.yorku.ca/mech/academics/graduate/mech-graduate-program-membership/ (listed there as Sachlos, Eleftherios). Associate Director of BEST.",https://lassonde.yorku.ca/users/sachlos/,https://stemcell.lassonde.yorku.ca/,,"Stem cell engineering and regenerative medicine; engineering the bone, hematopoietic & leukemic stem cell microenvironments to regulate stem cell fate decisions",NONE,,NONE,,NONE,,PENDING
York University,Mechanical Engineering,Solomon Boakye-Yiadom,"Associate Professor, P.Eng",ACTIVE,MECH,NO,sboakyey@yorku.ca,https://lassonde.yorku.ca/mech/faculty/,,https://lassonde.yorku.ca/users/sboakyey/,https://pspp-of-materials.apps01.yorku.ca/,,Alloy Design and Microstructural Tailoring; Metal Additive Manufacturing (LPBF); In-Situ Process Monitoring/Machine Learning During Manufacturing; Deformation And Failure Of Materials Under Extreme Loading Conditions; Multiscale Electron Microscopy; Advanced Biomaterials,There are currently no openings available. Please check back in on us later.,https://pspp-of-materials.apps01.yorku.ca/open-positions/,NONE,,NONE,,PENDING
York University,Mechanical Engineering,Thomas Cooper,Associate Professor,ACTIVE,MECH,NO,tcooper@yorku.ca,https://lassonde.yorku.ca/mech/faculty/,,https://lassonde.yorku.ca/users/tcooper/,https://cooperlab.apps01.yorku.ca/,,Solar concentrators; Solar absorber materials; Solar thermal desalination devices,NONE,,"The CooperLab is currently looking for outstanding candidates with experience in the following fields: radiation heat transfer (experimental), nonimaging optics (theory and simulation), polymer materials (experimental), aerogel materials (experimental), refractory and ceramic materials (experimental). Please contact Prof. Cooper for details.",https://cooperlab.apps01.yorku.ca/open-positions/,NONE,,PENDING
York University,Mechanical Engineering,Pouya Rezai,Professor,UNCLEAR,,NO,pouya.rezai@lassonde.yorku.ca,https://lassonde.yorku.ca/mech/academics/graduate/mech-graduate-program-membership/,"Listed as core member ""Professor (on leave 26/08/25 – 25/08/26)"" on https://lassonde.yorku.ca/mech/academics/graduate/mech-graduate-program-membership/ but NOT on the current faculty list https://lassonde.yorku.ca/mech/faculty/; George Mason University news (https://cec.gmu.edu/news/2025-08/george-mason-university-welcomes-pouya-rezai-faculty) says he ""comes to the College of Engineering and Computing from York University"". Likely departed; no workup.",,,,Micro and Nanofabrication; Micro and Nanofluidics; Lab-on-Chips and Bio-MEMS; Organisms- and Organs-on-a-Chip,NONE,,NONE,,NONE,,SKIPPED
York University,Mechanical Engineering,Dan Zhang,Professor Emeritus,EMERITUS,,NO,dzhang99@yorku.ca,https://lassonde.yorku.ca/mech/academics/graduate/mech-graduate-program-membership/,Emeriti member of MECH graduate program,,,,,NONE,,NONE,,NONE,,SKIPPED
York University,Mechanical Engineering,Michael Bazzocchi,Assistant Professor,UNCLEAR,,NO,mbazz@yorku.ca,https://lassonde.yorku.ca/mech/academics/graduate/mech-graduate-program-membership/,CROSS-APPOINTED: Associate Member of MECH graduate program; home unit: Department of Earth and space Science and Engineering. Not on MECH faculty list; no workup per cross-appointed rule.,,,,,NONE,,NONE,,NONE,,SKIPPED
York University,Mechanical Engineering,Ahmed Eldyasti,Associate Professor,UNCLEAR,,NO,ahmed.eldyasti@lassonde.yorku.ca,https://lassonde.yorku.ca/mech/academics/graduate/mech-graduate-program-membership/,CROSS-APPOINTED: Associate Member of MECH graduate program; home unit: Department of Civil Engineering. Not on MECH faculty list; no workup per cross-appointed rule.,,,,,NONE,,NONE,,NONE,,SKIPPED
York University,Mechanical Engineering,Gerd Grau,Associate Professor,UNCLEAR,,NO,grau@cse.yorku.ca,https://lassonde.yorku.ca/mech/academics/graduate/mech-graduate-program-membership/,CROSS-APPOINTED: Associate Member of MECH graduate program; home unit: Department of Electrical Engineering & Computer Science. Not on MECH faculty list; no workup per cross-appointed rule.,,,,,NONE,,NONE,,NONE,,SKIPPED
York University,Mechanical Engineering,Xuan Luo,Assistant Professor,UNCLEAR,,NO,xuanluo@yorku.ca,https://lassonde.yorku.ca/mech/academics/graduate/mech-graduate-program-membership/,CROSS-APPOINTED: Associate Member of MECH graduate program; home unit: Department of Information System & Technology. Not on MECH faculty list; no workup per cross-appointed rule.,,,,,NONE,,NONE,,NONE,,SKIPPED
York University,Mechanical Engineering,Ryan Orszulik,Assistant Professor,UNCLEAR,,NO,ryan.orszulik@lassonde.yorku.ca,https://lassonde.yorku.ca/mech/academics/graduate/mech-graduate-program-membership/,CROSS-APPOINTED: Associate Member of MECH graduate program; home unit: Department of Earth and space Science and Engineering. Not on MECH faculty list; no workup per cross-appointed rule.,,,,,NONE,,NONE,,NONE,,SKIPPED
York University,Mechanical Engineering,Razieh Salahandish,Assistant Professor,UNCLEAR,,NO,raziehs@yorku.ca,https://lassonde.yorku.ca/mech/academics/graduate/mech-graduate-program-membership/,CROSS-APPOINTED: Associate Member of MECH graduate program; home unit: Department of Electrical Engineering & Computer Science. Not on MECH faculty list; no workup per cross-appointed rule.,,,,,NONE,,NONE,,NONE,,SKIPPED
York University,Mechanical Engineering,Katerina Papoulia,Adjunct Member,ADJUNCT,,NO,papouli@yorku.ca,https://lassonde.yorku.ca/mech/academics/graduate/mech-graduate-program-membership/,"Associate Members table, affiliation Department of Civil Engineering",,,,,NONE,,NONE,,NONE,,SKIPPED
York University,Mechanical Engineering,Ali Doostmohammadi,Postdoctoral Fellow/Research Associate,ADJUNCT,,NO,NOT FOUND,,"Adjunct Member of MECH graduate program (listed as ""Ali Doostmohammadi"" per https://lassonde.yorku.ca/mech/academics/graduate/mech-graduate-program-membership/); home: Department of Mechanical Engineering, York University. Name order as on page (Last, First) converted.",,,,,NONE,,NONE,,NONE,,SKIPPED
York University,Mechanical Engineering,Armin Eilaghi,Assistant Professor,ADJUNCT,,NO,NOT FOUND,,"Adjunct Member of MECH graduate program (listed as ""Armin Eilaghi"" per https://lassonde.yorku.ca/mech/academics/graduate/mech-graduate-program-membership/); home: Department of Mechanical Engineering, Australian College of Kuwait. Name order as on page (Last, First) converted.",,,,,NONE,,NONE,,NONE,,SKIPPED
York University,Mechanical Engineering,Ahmed Elkholy,–,ADJUNCT,,NO,NOT FOUND,,"Adjunct Member of MECH graduate program (listed as ""Ahmed Elkholy"" per https://lassonde.yorku.ca/mech/academics/graduate/mech-graduate-program-membership/); home: –. Name order as on page (Last, First) converted.",,,,,NONE,,NONE,,NONE,,SKIPPED
York University,Mechanical Engineering,Kulbir Ghuman,Associate Professor,ADJUNCT,,NO,NOT FOUND,,"Adjunct Member of MECH graduate program (listed as ""Kulbir Ghuman"" per https://lassonde.yorku.ca/mech/academics/graduate/mech-graduate-program-membership/); home: Centre Énergie Matériaux Télécommunications, Institut national de la recherché scientifique. Name order as on page (Last, First) converted.",,,,,NONE,,NONE,,NONE,,SKIPPED
York University,Mechanical Engineering,Elli Gkouti,Assistant Professor,ADJUNCT,,NO,NOT FOUND,,"Adjunct Member of MECH graduate program (listed as ""Elli Gkouti"" per https://lassonde.yorku.ca/mech/academics/graduate/mech-graduate-program-membership/); home: Department of Mechanical & Materials Engineering, Western University. Name order as on page (Last, First) converted.",,,,,NONE,,NONE,,NONE,,SKIPPED
York University,Mechanical Engineering,Sean Kalaycioglu,Adjunct Professor,ADJUNCT,,NO,NOT FOUND,,"Adjunct Member of MECH graduate program (listed as ""Sean Kalaycioglu"" per https://lassonde.yorku.ca/mech/academics/graduate/mech-graduate-program-membership/); home: Recep Tayyip Erdogan University (Turkiye). Name order as on page (Last, First) converted.",,,,,NONE,,NONE,,NONE,,SKIPPED
York University,Mechanical Engineering,Jan Kopyscinski,Associate Professor,ADJUNCT,,NO,NOT FOUND,,"Adjunct Member of MECH graduate program (listed as ""Jan Kopyscinski"" per https://lassonde.yorku.ca/mech/academics/graduate/mech-graduate-program-membership/); home: Department of Chemical Engineering, McGill University. Name order as on page (Last, First) converted.",,,,,NONE,,NONE,,NONE,,SKIPPED
York University,Mechanical Engineering,Thomas Lee,Adjunct Associate Professor,ADJUNCT,,NO,NOT FOUND,,"Adjunct Member of MECH graduate program (listed as ""Thomas Lee"" per https://lassonde.yorku.ca/mech/academics/graduate/mech-graduate-program-membership/); home: McMaster University. Name order as on page (Last, First) converted.",,,,,NONE,,NONE,,NONE,,SKIPPED
York University,Mechanical Engineering,Philippe Laovie,Professor,ADJUNCT,,NO,NOT FOUND,,"Adjunct Member of MECH graduate program (listed as ""Philippe Laovie"" per https://lassonde.yorku.ca/mech/academics/graduate/mech-graduate-program-membership/); home: Institute for Aerospace Studies, University of Toronto. Name order as on page (Last, First) converted.",,,,,NONE,,NONE,,NONE,,SKIPPED
York University,Mechanical Engineering,Marco Marengo,Professor,ADJUNCT,,NO,NOT FOUND,,"Adjunct Member of MECH graduate program (listed as ""Marco Marengo"" per https://lassonde.yorku.ca/mech/academics/graduate/mech-graduate-program-membership/); home: Department of Civil Engineering and Architecture, University of Pavia. Name order as on page (Last, First) converted.",,,,,NONE,,NONE,,NONE,,SKIPPED
York University,Mechanical Engineering,Alfred Ng,Acting Head,ADJUNCT,,NO,NOT FOUND,,"Adjunct Member of MECH graduate program (listed as ""Alfred Ng"" per https://lassonde.yorku.ca/mech/academics/graduate/mech-graduate-program-membership/); home: Academic Development, Canadian Space Agency. Name order as on page (Last, First) converted.",,,,,NONE,,NONE,,NONE,,SKIPPED
York University,Mechanical Engineering,Kenneth Ng,Professor,ADJUNCT,,NO,NOT FOUND,,"Adjunct Member of MECH graduate program (listed as ""Kenneth Ng"" per https://lassonde.yorku.ca/mech/academics/graduate/mech-graduate-program-membership/); home: Chemistry and Biochemistry, University of Windsor. Name order as on page (Last, First) converted.",,,,,NONE,,NONE,,NONE,,SKIPPED
York University,Mechanical Engineering,Carlo Iorio Saverio,–,ADJUNCT,,NO,NOT FOUND,,"Adjunct Member of MECH graduate program (listed as ""Carlo Iorio Saverio"" per https://lassonde.yorku.ca/mech/academics/graduate/mech-graduate-program-membership/); home: –. Name order as on page (Last, First) converted.",,,,,NONE,,NONE,,NONE,,SKIPPED
York University,Mechanical Engineering,Martin Villiger,Assistant Professor,ADJUNCT,,NO,NOT FOUND,,"Adjunct Member of MECH graduate program (listed as ""Martin Villiger"" per https://lassonde.yorku.ca/mech/academics/graduate/mech-graduate-program-membership/); home: Department of Dermatology, Harvard Medical School. Name order as on page (Last, First) converted.",,,,,NONE,,NONE,,NONE,,SKIPPED
