University,Department,Name,Title,Admin_Role,Official_Email,Profile_URL,Research_Keywords,Lab_URL,Recruiting_Quote,Recruiting_URL,Recruiting_Date,Students_Page_URL,Current_Grad_Students_N,Students_Page_Year,Visa_or_Country_Note
University of Ottawa,Mechanical Engineering,Natalie Baddour,Professor,"Chair, Department of Mechanical Engineering",nbaddour@uottawa.ca,https://www.uottawa.ca/faculty-engineering/department-mechanical-engineering/directory/natalie-baddour,Mathematical modeling; dynamics; vibrations; photoacoustics; mathematicalmethods (specifically Fourier methods),NONE,NONE,NONE,NONE,NOT FOUND,NOT FOUND,NOT FOUND,NONE
University of Ottawa,Mechanical Engineering,Caroline Cao,Professor,"Dean, Faculty of Engineering",dean.engineering@uottawa.ca,https://www.uottawa.ca/faculty-engineering/department-mechanical-engineering/directory/caroline-cao,NOT FOUND,NONE,NONE,NONE,NONE,NOT FOUND,NOT FOUND,NOT FOUND,NONE
University of Ottawa,Mechanical Engineering,Isabelle Catelas,Professor,Canada Research Chair in Bioengineering in Orthopedics (Tier 2),icatelas@uottawa.ca,https://www.uottawa.ca/faculty-engineering/department-mechanical-engineering/directory/isabelle-catelas,NOT FOUND,NONE,NONE,NONE,NONE,NOT FOUND,NOT FOUND,NOT FOUND,NONE
University of Ottawa,Mechanical Engineering,Hai Jun Cho,Assistant Professor,NONE,hcho3@uottawa.ca,https://uniweb.uottawa.ca/members/5290/profile,Condensed Matter; Materials; Thermal Transport; Energy,NONE,NONE,NONE,NONE,NOT FOUND,NOT FOUND,NOT FOUND,NONE
University of Ottawa,Mechanical Engineering,Marc Doumit,Associate Professor,NONE,marc.doumit@uottawa.ca; marc.doumit@uottawa.ca,https://www.uottawa.ca/faculty-engineering/department-mechanical-engineering/directory/marc-doumit,Artificial muscles; Exoskeletons; Prosthetic and orthotic limbs; Bio-Inspired Designs; Smart sensors; Dynamic systems; System controls; System identification; Department of Mechanical Engineering,NONE,NONE,NONE,NONE,NOT FOUND,NOT FOUND,NOT FOUND,NONE
University of Ottawa,Mechanical Engineering,Marianne Fenech,Full Professor,NONE,mfenech@uottawa.ca,https://uniweb.uottawa.ca/members/162,Biomaterial; Materials; Microfluidics; Abstract Structures; Hemodynamic measurements; Nutrition and Metabolism; Blood Flow and Transfusions; Circulatory and Respiratory Health,http://by.genie.uottawa.ca/~mfenech/ (did not load on 2026-10-06: 503 ),NONE,NONE,NONE,https://uniweb.uottawa.ca/members/162,"0 (Uniweb 'Current Supervision' list: 0 doctoral, 0 master's)",undated (no year on list),NONE
University of Ottawa,Mechanical Engineering,Alexander Gehrke,Assistant professor,NONE,agehrke@uottawa.ca,https://www.uottawa.ca/faculty-engineering/department-mechanical-engineering/directory/alexander-gehrke,"Experimental fluid mechanics; Unsteady aerodynamics and turbulent flows; Fluid–structure interaction; Adaptive, morphing and porous structures; Data-driven experimentation, optimization and flow control; Department of Mechanical Engineering",NONE,NONE,NONE,NONE,NOT FOUND,NOT FOUND,NOT FOUND,NONE
University of Ottawa,Mechanical Engineering,Tao Jin,Assistant professor,NONE,tao.jin@uottawa.ca,https://www.uottawa.ca/faculty-engineering/department-mechanical-engineering/directory/tao-jin,Solid mechanics; Computational mechanics; Modeling of soft materials; Modeling of soft materials; Damage & fracture mechanics; Numerical methods for partial differential equations; Department of Mechanical Engineering,NONE,NONE,NONE,NONE,NOT FOUND,NOT FOUND,NOT FOUND,NONE
University of Ottawa,Mechanical Engineering,Bertrand Jodoin,Professor,NONE,bjodoin@uottawa.ca,https://www.uottawa.ca/faculty-engineering/department-mechanical-engineering/directory/bertrand-jodoin,"Compressible fluid mechanics/ Heat exchangers for the aeronautic sector,; High performance coating development and production by Cold Gas Dynamic Spraying and Shockwave Induced Spraying; Nanocrystalline coating development and production for the aeronautic sector; Department of Mechanical Engineering",https://coldspray-research-laboratory.uottawa.ca/,NONE,NONE,NONE,https://coldspray-research-laboratory.uottawa.ca/Team,0 lines labelled as grad students (page may not label degree; check manually),no year printed on page,NONE
University of Ottawa,Mechanical Engineering,Michel Labrosse,Full Professor,NONE,mlabross@uottawa.ca,https://uniweb.uottawa.ca/?lang=en#!/members/166,Materials and components properties; Basic Materials; Finite Element Analysis; Heart Valve / Valvular Diseases; Soft Tissues; Continuum Mechanics; Cardiac Surgery; Cardiovascular System,NONE,NONE,NONE,NONE,NOT FOUND,NOT FOUND,NOT FOUND,NONE
University of Ottawa,Mechanical Engineering,Eric Lanteigne,Associate Professor,Associate Chair - Undergraduate Studies in Mechanical Engineering,eric.lanteigne@uottawa.ca,https://www.uottawa.ca/faculty-engineering/department-mechanical-engineering/directory/eric-lanteigne,Uninhabited aerial vehicles; Airship design; Slung payload control; Non-linear control and path planning; Machines and mechanisms; Department of Mechanical Engineering,NONE,NONE,NONE,NONE,NOT FOUND,NOT FOUND,NOT FOUND,NONE
University of Ottawa,Mechanical Engineering,Catherine Mavriplis,Professor,NSERC Chair for Women in Science and Engineering (2011-2021),catherine.mavriplis@uottawa.ca,https://www.uottawa.ca/faculty-engineering/department-mechanical-engineering/directory/catherine-mavriplis,"Numerical methods for fluid dynamics and interdisciplinary applications: biofluids, combustion, MEMS and meteorology.; Aerospace engineering, including aerodynamics, transition and drag reduction; High order methods and adaptive mesh refinement.; Advancement of women in science, engineering and mathematics careers.; Department of Mechanical Engineering",NONE,NONE,NONE,NONE,NOT FOUND,NOT FOUND,NOT FOUND,NONE
University of Ottawa,Mechanical Engineering,Brian Maxwell,Associate Professor,NONE,bmaxwell@uottawa.ca,https://uniweb.uottawa.ca/members/5502/profile,Sustainable Energy; Energy,http://www.brianmaxwellcfd.com/,"I am always looking for talented and motivated students, who are interested in pursuing graduate degrees, to work in my lab.",http://www.brianmaxwellcfd.com/,undated (fetched 2026-10-06),https://www.brianmaxwellcfd.com/#h.hgs6l23vs3o,0 lines labelled as grad students (page may not label degree; check manually),2023,NONE
University of Ottawa,Mechanical Engineering,James McDonald,Associate professor,NONE,james.mcdonald@uottawa.ca,https://www.uottawa.ca/faculty-engineering/department-mechanical-engineering/directory/james-mcdonald,Non-equilibrium gas flows; Micro-scale fluid flows; Computational fluid dynamics; Multi-phase flows; Modelling of physically complex gas flows; Non-equilibrium plasmas; Radiation modelling; Department of Mechanical Engineering,NONE,NONE,NONE,NONE,NOT FOUND,NOT FOUND,NOT FOUND,NONE
University of Ottawa,Mechanical Engineering,José Morán,Assistant Professor,NONE,jose.moran@uottawa.ca,https://www.uottawa.ca/faculty-engineering/department-mechanical-engineering/directory/jose-moran,Nanoparticles; Reactive flows; Aerosol science; Materials; Department of Mechanical Engineering,https://ail-uo.com/,NONE,NONE,NONE,https://ail-uo.com/about-us/,"6 (auto-count of lines labelled PhD/MASc/MSc/MEng student on the people page, excluding Alumni/Former sections)",2025,NONE
University of Ottawa,Mechanical Engineering,Aleksandra Nastic,Assistant professor,NONE,aleksandra.nastic@uottawa.ca,https://www.uottawa.ca/faculty-engineering/department/mechanical-engineering/directory/aleksandra-nastic,High-speed impact deformations; Metal powder design and customization; Surface engineering; Compressible fluid dynamics; Cold spray additive manufacturing; Department of Mechanical Engineering,https://coldspray-research-laboratory.uottawa.ca/,NONE,NONE,NONE,https://coldspray-research-laboratory.uottawa.ca/Team,0 lines labelled as grad students (page may not label degree; check manually),no year printed on page,NONE
University of Ottawa,Mechanical Engineering,Michel Nganbe,Professor,Graduate Program Coordinator,mnganbe@uottawa.ca,https://www.uottawa.ca/faculty-engineering/department-mechanical-engineering/directory/michel-nganbe,"Manufacturing processes: casting, squeeze casting and powder metallurgy; Metals and metal matrix composites; Ceramics and ceramic matrix composites; Biomaterials and biocompatibility of implants; Coatings; Materials and components properties: strength and resistance to impact, fatigue, creep and wear; Department of Mechanical Engineering",NONE,NONE,NONE,NONE,NOT FOUND,NOT FOUND,NOT FOUND,NONE
University of Ottawa,Mechanical Engineering,Mohammad Pirani,Assistant Professor,NONE,mpirani@uottawa.ca,https://uniweb.uottawa.ca/members/5853,Control System; Electric and Electronic Systems; Dynamical Systems; Applied Mathematics; Networked Systems; Applied Mathematics; Robotics; Natural Sciences and Engineering,https://sites.google.com/site/mmdpirani,NONE,NONE,NONE,NOT FOUND,NOT FOUND,NOT FOUND,NONE
University of Ottawa,Mechanical Engineering,Matei Radulescu,Professor,NONE,matei@uottawa.ca,https://uniweb.uottawa.ca/embed/profile/members/173,Hydrogen Technologies; Energy Transformation and Energy Using; Reactive Flows; Fluid Dynamics; Shock waves; Fluid Dynamics; Detonation; Fluid Dynamics,http://radulescugasdynamicslab.blogspot.ca/,NONE,NONE,NONE,NOT FOUND,NOT FOUND,NOT FOUND,NONE
University of Ottawa,Mechanical Engineering,François Robitaille,Professor,NONE,frobita2@uottawa.ca,https://www.uottawa.ca/faculty-engineering/department-mechanical-engineering/directory/francois-robitaille,Composite Materials; Faculty of Engineering leadership; Department of Mechanical Engineering,NONE,NONE,NONE,NONE,NOT FOUND,NOT FOUND,NOT FOUND,NONE
University of Ottawa,Mechanical Engineering,Davide Spinello,Full Professor,NONE,davide.spinello@uottawa.ca,https://uniweb.uottawa.ca/members/175,Network Analysis (Information); Information; Networked Systems; Applied Mathematics; Estimation; Information; Nondestructive testing; Mechanical and Physical Processes,https://iara-lab.github.io/iara-site/,NONE,NONE,NONE,NOT FOUND,NOT FOUND,NOT FOUND,NONE
University of Ottawa,Mechanical Engineering,Raphael St-Gelais,Assistant Professor,NONE,rstgelai@uottawa.ca,https://uniweb.uottawa.ca/members/3303,Energy Transformation and Energy Using; Energy; Nanotechnologies; Materials; Optics and Photonics; Wave Phenomena; Nanosystems; Nanotechnologies,https://uomems.ca/,NONE,NONE,NONE,https://uomems.ca/people/,"6 (auto-count of lines labelled PhD/MASc/MSc/MEng student on the people page, excluding Alumni/Former sections)",2025,NONE
University of Ottawa,Mechanical Engineering,Hao Tang,Assistant Professor,NONE,htang2@uottawa.ca,https://www.uottawa.ca/faculty-engineering/department-mechanical-engineering/directory/hao-tang,Combustion and propulsion; Gas turbines; Plasma; Turbulence; Laser diagnostics; Department of Mechanical Engineering,NONE,NONE,NONE,NONE,NOT FOUND,NOT FOUND,NOT FOUND,NONE
University of Ottawa,Mechanical Engineering,Yi Hui Tee,Assistant Professor,NONE,yihui.tee@uottawa.ca,https://www.uottawa.ca/faculty-engineering/department-mechanical-engineering/directory/yi-hui-tee,Experimental fluid mechanics; Particle-laden flows; Turbulence; Multi-phase flows; Department of Mechanical Engineering,NONE,NONE,NONE,NONE,NOT FOUND,NOT FOUND,NOT FOUND,NONE
University of Ottawa,Mechanical Engineering,Thomas Uchida,Associate Professor,NONE,tuchida@uottawa.ca,https://uniweb.uottawa.ca/members/3781,Simulation-guided design of assistive devices for improving mobility; Modelling musculotendon dynamics and energy expenditure; Parameter identification and model reduction methods; Impact and contact dynamics; Modelling and simulation of dynamic systems,https://www.thomasuchida.com/,NONE,NONE,NONE,https://uniweb.uottawa.ca/members/3781,"7 (Uniweb 'Current Supervision' list: 7 doctoral, 0 master's)",2025,NONE
University of Ottawa,Mechanical Engineering,Fabio Variola,Professor,NONE,fabio.variola@uottawa.ca,https://www.uottawa.ca/faculty-engineering/department-mechanical-engineering/directory/fabio-variola,Biomedical engineering; Biomaterials; Tissue engineering; Biophysics; Nanotechnology; Department of Mechanical Engineering,NONE,NONE,NONE,NONE,NOT FOUND,NOT FOUND,NOT FOUND,NONE
University of Ottawa,Mechanical Engineering,Arnaud Weck,Full Professor,NONE,aweck@uottawa.ca,https://uniweb.uottawa.ca/?lang=en#!/members/179,Ductile Fracture; Fracture; Finite Element Simulations; Modelization and Simulation; X-Rays; Wave Phenomena; Synchrotron radiation; Materials,http://www.weck.ca/,"The WeckLab is looking for a motivated Graduate student (Master's, PhD) or Postdoc to work with ultrafast lasers on materials for catalysis.",http://www.weck.ca/,undated (fetched 2026-10-06),https://uniweb.uottawa.ca/?lang=en#!/members/179,"1 (Uniweb 'Current Supervision' list: 1 doctoral, 0 master's)",undated (no year on list),NONE
University of Ottawa,Mechanical Engineering,Mohammed Yandouzi,Part Time Professor,NONE,yandouzi@uottawa.ca,https://uniweb.uottawa.ca/view/profile/members/3513,"Characterization Tools; Techniques, Measurements and Systems; Manufacturing Processes; Manufacturing and Construction; Functional and Intelligent Materials; Materials; Nanotechnologies; Materials",https://coldspray-research-laboratory.uottawa.ca/Team/Principal-Investigators/Prof.-Mohammed-Yandouzi (did not load on 2026-10-06: 404 ),NONE,NONE,NONE,NOT FOUND,NOT FOUND,NOT FOUND,NONE
University of Ottawa,Mechanical Engineering,Balbir Dhillon,Emeritus Professor,SKIP,SKIP,https://www.uottawa.ca/faculty-engineering/department-mechanical-engineering/directory/balbir-dhillon,SKIP,SKIP,SKIP,SKIP,SKIP,SKIP,SKIP,SKIP,SKIP
University of Ottawa,Mechanical Engineering,William Hallet,Emeritus Professor,SKIP,SKIP,https://www.uottawa.ca/faculty-engineering/department-mechanical-engineering/directory/william-hallett,SKIP,SKIP,SKIP,SKIP,SKIP,SKIP,SKIP,SKIP,SKIP
University of Ottawa,Mechanical Engineering,Alexander Krausz,Emeritus Professor,SKIP,SKIP,https://www.uottawa.ca/faculty-engineering/department-mechanical-engineering/directory/alexander-krausz,SKIP,SKIP,SKIP,SKIP,SKIP,SKIP,SKIP,SKIP,SKIP
University of Ottawa,Mechanical Engineering,Yung Lee,Emeritus Professor,SKIP,SKIP,https://www.uottawa.ca/faculty-engineering/department-mechanical-engineering/directory/yung-lee,SKIP,SKIP,SKIP,SKIP,SKIP,SKIP,SKIP,SKIP,SKIP
University of Ottawa,Mechanical Engineering,Ming Liang,Emeritus Professor,SKIP,SKIP,https://uniweb.uottawa.ca/view/profile/members/169,SKIP,SKIP,SKIP,SKIP,SKIP,SKIP,SKIP,SKIP,SKIP
University of Ottawa,Mechanical Engineering,Michael Munro,Emeritus Professor,SKIP,SKIP,https://www.uottawa.ca/faculty-engineering/department-mechanical-engineering/directory/michael-munro,SKIP,SKIP,SKIP,SKIP,SKIP,SKIP,SKIP,SKIP,SKIP
University of Ottawa,Mechanical Engineering,Dan Necsulescu,Emeritus Professor,SKIP,SKIP,https://www.uottawa.ca/faculty-engineering/department-mechanical-engineering/directory/dan-necsulescu,SKIP,SKIP,SKIP,SKIP,SKIP,SKIP,SKIP,SKIP,SKIP
University of Ottawa,Mechanical Engineering,David Redekop,Emeritus Professor,SKIP,SKIP,https://www.uottawa.ca/faculty-engineering/department-mechanical-engineering/directory/david-redekop,SKIP,SKIP,SKIP,SKIP,SKIP,SKIP,SKIP,SKIP,SKIP
University of Ottawa,Mechanical Engineering,Stavros Tavoularis,Emeritus Professor,SKIP,SKIP,https://www.uottawa.ca/faculty-engineering/department-mechanical-engineering/directory/Stavros-Tavoularis,SKIP,SKIP,SKIP,SKIP,SKIP,SKIP,SKIP,SKIP,SKIP
University of Ottawa,Mechanical Engineering,Husham Almansour,Adjunct Professor,SKIP,SKIP,https://www.uottawa.ca/faculty-engineering/department-mechanical-engineering/directory/husham-almansour,SKIP,SKIP,SKIP,SKIP,SKIP,SKIP,SKIP,SKIP,SKIP
University of Ottawa,Mechanical Engineering,Uyen Michael Bao,Adjunct Professor,SKIP,SKIP,https://uniweb.uottawa.ca/members/5927,SKIP,SKIP,SKIP,SKIP,SKIP,SKIP,SKIP,SKIP,SKIP
University of Ottawa,Mechanical Engineering,Zekai Hong,Adjunct Professor,SKIP,SKIP,https://uniweb.uottawa.ca/view/profile/members/Zekai-Hong,SKIP,SKIP,SKIP,SKIP,SKIP,SKIP,SKIP,SKIP,SKIP
University of Ottawa,Mechanical Engineering,Andrew Ibey,Adjunct Professor,SKIP,SKIP,https://www.uottawa.ca/faculty-engineering/department-mechanical-engineering/directory/andrew-am-ibey,SKIP,SKIP,SKIP,SKIP,SKIP,SKIP,SKIP,SKIP,SKIP
University of Ottawa,Mechanical Engineering,Marie-Ange Janvier,Adjunct Professor,SKIP,SKIP,https://www.uottawa.ca/faculty-engineering/department-mechanical-engineering/directory/marie-ange-janvier,SKIP,SKIP,SKIP,SKIP,SKIP,SKIP,SKIP,SKIP,SKIP
University of Ottawa,Mechanical Engineering,Edward Lemaire,Adjunct Professor,SKIP,SKIP,https://www.uottawa.ca/faculty-engineering/department-mechanical-engineering/directory/edward-lemaire,SKIP,SKIP,SKIP,SKIP,SKIP,SKIP,SKIP,SKIP,SKIP
University of Ottawa,Mechanical Engineering,Mohammad Rafiee,Adjunct Professor,SKIP,SKIP,https://www.uottawa.ca/faculty-engineering/department-mechanical-engineering/directory/mohammad-rafiee,SKIP,SKIP,SKIP,SKIP,SKIP,SKIP,SKIP,SKIP,SKIP
University of Guelph,"School of Engineering (College of Engineering) — Electrical and Computer Engineering, Interdisciplinary Engineering",Hussein Abdullah,Professor,NONE,habdulla@uoguelph.ca,https://www.uoguelph.ca/profile/hussein-abdullah,"Engineering Systems and Computing; Computer Engineering; Biomedical robotics, assistive devices, mechatronic systems design, and advanced automation and robotics.; Graduate Courses; ENGG*6540: Advanced Robotics",https://sites.uoguelph.ca/abdullah/,NONE,NONE,NONE,NOT FOUND,NOT FOUND,NOT FOUND,NONE
University of Guelph,"School of Engineering (College of Engineering) — Electrical and Computer Engineering, Interdisciplinary Engineering",Mohamad Abou El Nasr,Associate Professor,NONE,maboueln@uoguelph.ca,https://www.uoguelph.ca/profile/mohamad-abou-el-nasr,Engineering Systems and Computing; Computer Engineering,,NONE,NONE,NONE,NOT FOUND,NOT FOUND,NOT FOUND,NONE
University of Guelph,"School of Engineering (College of Engineering) — Electrical and Computer Engineering, Interdisciplinary Engineering",Shawki M. Areibi,Professor,NONE,sareibi@uoguelph.ca,https://www.uoguelph.ca/profile/shawki-m-areibi,Engineering Systems and Computing; Computer Engineering; Reconfigurable Computing Systems: The goal of configurable computing is to achieve most of the performance of custom architectures while retaining most of the flexibility of general purpose computing,https://www.uoguelph.ca/engineering/faculty/sareibi,NONE,NONE,NONE,NOT FOUND,NOT FOUND,NOT FOUND,NONE
University of Guelph,"School of Engineering (College of Engineering) — Electrical and Computer Engineering, Interdisciplinary Engineering",Stefano Gregori,Professor,NONE,sgregori@uoguelph.ca,https://www.uoguelph.ca/profile/stefano-gregori,Engineering Systems and Computing; Computer Engineering; micro and nano-scale integrated circuit design; analog and mixed-signal systems; integrated sensors and sensor networks,https://www.uoguelph.ca/engineering/faculty/sgregori,NONE,NONE,NONE,NOT FOUND,NOT FOUND,NOT FOUND,NONE
University of Guelph,"School of Engineering (College of Engineering) — Electrical and Computer Engineering, Interdisciplinary Engineering",Lei Lei,Associate Professor,NONE,leil@uoguelph.ca,https://www.uoguelph.ca/profile/lei-lei,Engineering Systems and Computing; Computer Engineering; Research Interests:; Machine Learning/Deep Reinforcement Learning; Internet of Things/Internet of Vehicles,,NONE,NONE,NONE,NOT FOUND,NOT FOUND,NOT FOUND,NONE
University of Guelph,"School of Engineering (College of Engineering) — Electrical and Computer Engineering, Interdisciplinary Engineering",Medhat Moussa,Professor,NONE,mmoussa@uoguelph.ca,https://www.uoguelph.ca/profile/medhat-moussa,Engineering Systems and Computing; Computer Engineering; Robotics grasping and manipulation; Human-robot interaction and user-adaptive robots,,NONE,NONE,NONE,NOT FOUND,NOT FOUND,NOT FOUND,NONE
University of Guelph,"School of Engineering (College of Engineering) — Electrical and Computer Engineering, Interdisciplinary Engineering",Petros Spachos,Professor,NONE,petros@uoguelph.ca,https://www.uoguelph.ca/profile/petros-spachos,Engineering Systems and Computing; Computer Engineering; Undergraduate Courses,,NONE,NONE,NONE,NOT FOUND,NOT FOUND,NOT FOUND,NONE
University of Guelph,"School of Engineering (College of Engineering) — Electrical and Computer Engineering, Interdisciplinary Engineering",Graham W. Taylor,Professor,NONE,NONE,https://www.uoguelph.ca/profile/graham-w-taylor,Engineering Systems and Computing; Computer Engineering; Graduate Courses,https://www.gwtaylor.ca/,NONE,NONE,NONE,https://www.gwtaylor.ca/group/,"4 (auto-count of lines labelled PhD/MASc/MSc/MEng student on the people page, excluding Alumni/Former sections)",no year printed on page,NONE
University of Guelph,"School of Engineering (College of Engineering) — Electrical and Computer Engineering, Interdisciplinary Engineering",Julie Vale,Professor,NONE,jvale@uoguelph.ca,https://www.uoguelph.ca/profile/julie-vale,Engineering Systems and Computing; Computer Engineering; My primary research focus is on Engineering Education and Pedagogy. My interests in this area lie in two areas:; The development of a tool to assist instructors in building assessments that promote Problem Analysis skills; Multinational view on Capstone experiences and shared values and competencies across disciplines,,NONE,NONE,NONE,NOT FOUND,NOT FOUND,NOT FOUND,NONE
University of Guelph,"School of Engineering (College of Engineering) — Electrical and Computer Engineering, Interdisciplinary Engineering",Simon Yang,Professor,NONE,syang@uoguelph.ca,https://www.uoguelph.ca/profile/simon-yang,"Engineering Systems and Computing; Computer Engineering; Real-time sensing, navigation, and teleoperation of robotic systems; Neural networks, fuzzy systems, genetic algorithms, and intelligent systems",https://syang.uoguelph.ca/,NONE,NONE,NONE,NOT FOUND,NOT FOUND,NOT FOUND,NONE
University of Guelph,School of Engineering (College of Engineering) — Interdisciplinary Engineering,Manickavasagan Annamalai,"Professor, Interim Chair for Department of Interdisciplinary Engineering","Professor, Interim Chair for Department of Interdisciplinary Engineering",mannamal@uoguelph.ca,https://www.uoguelph.ca/profile/manickavasagan-annamalai,Biomedical Engineering; Biological Engineering; Research Interests:; Food Processing and Product Development for Health and Wellness; Quality Assessment of Food Products using Computer Vision,https://sites.uoguelph.ca/foodengineering/,NONE,NONE,NONE,NOT FOUND,NOT FOUND,NOT FOUND,NONE
University of Guelph,School of Engineering (College of Engineering) — Interdisciplinary Engineering,Scott Brandon,Associate Professor,NONE,scott.brandon@uoguelph.ca,https://www.uoguelph.ca/profile/scott-brandon,Biomedical Engineering; Biomechanics; Knee mechanics; Human-device interaction (braces and exoskeletons),,NONE,NONE,NONE,NOT FOUND,NOT FOUND,NOT FOUND,NONE
University of Guelph,School of Engineering (College of Engineering) — Interdisciplinary Engineering,Julia de Lange,Assistant Professor,NONE,jdelange@uoguelph.ca,https://www.uoguelph.ca/profile/julia-de-lange,"Biomedical Engineering; Evaluating safety systems and protective equipment (shields, helmets, body armour, etc.); Biofidelity of test surrogates and their relation to injury criteria; Advanced sensing systems for injury criteria development and improvement; Occupant safety equity (females, elderly, obese, etc.)",https://www.biomechanicsofimpactinjury.uoguelph.ca/,NONE,NONE,NONE,https://www.biomechanicsofimpactinjury.uoguelph.ca/prof-julia-de-lange/,0 lines labelled as grad students (page may not label degree; check manually),2026,NONE
University of Guelph,School of Engineering (College of Engineering),Karen Gordon (In Memorium),Professor,SKIP,SKIP,https://www.uoguelph.ca/profile/karen-gordon-memorium,SKIP,SKIP,SKIP,SKIP,SKIP,SKIP,SKIP,SKIP,SKIP
University of Guelph,School of Engineering (College of Engineering) — Interdisciplinary Engineering,Kevin M. Keener,Professor,NONE,kkeener@uoguelph.ca,https://www.uoguelph.ca/profile/kevin-m-keener,Biomedical Engineering; Biological Engineering; Spirit of the Land Grant Award from Purdue University (2014); Rainbird Engineering Concept of the Year from the ASABE (2013); Research and Development Award from the Institute of Food Technologists (2013) along with many others.; Google Scholar: https://scholar.google.com/citations?hl=en&user=Od3TdcAAAAAJ&view_op=list_works&sortby=pubdate; food technology,,NONE,NONE,NONE,NOT FOUND,NOT FOUND,NOT FOUND,NONE
University of Guelph,School of Engineering (College of Engineering) — Interdisciplinary Engineering,Huiyan Li,Associate Professor,NONE,huiyanli@uoguelph.ca,https://www.uoguelph.ca/profile/huiyan-li,Biomedical Engineering; Biological Engineering; Graduate Courses,https://hli.uoguelph.ca/,"Openings for graduate students: There are currently openings for highly motivated M.A.Sc students with research interest in biosensing. If you are interested, please email Dr. Li with a CV and a transcript.",https://www.uoguelph.ca/profile/huiyan-li,undated (fetched 2026-10-06),https://hli.uoguelph.ca/team/,"12 (auto-count of lines labelled PhD/MASc/MSc/MEng student on the people page, excluding Alumni/Former sections)",no year printed on page,NONE
University of Guelph,School of Engineering (College of Engineering) — Interdisciplinary Engineering,Stephen Mattucci,Assistant Professor,NONE,smattucci@uoguelph.ca,https://www.uoguelph.ca/profile/stephen-mattucci,"Biomedical Engineering; Engineering education, design education, and engineering leadership; Experiential learning, critical reflection, and self-directed learning; Classroom climate and student motivation; Change management and communities of practice",,NONE,NONE,NONE,NOT FOUND,NOT FOUND,NOT FOUND,NONE
University of Guelph,School of Engineering (College of Engineering) — Interdisciplinary Engineering,Manjusri Misra,"Professor & Tier 1 Canada Research Chair (CRC) in Sustainable Biocomposites, Fellow RSC(UK), Fellow AIChE, Fellow SPE, Fellow IIChE, Fellow RSC","Professor & Tier 1 Canada Research Chair (CRC) in Sustainable Biocomposites, Fellow RSC(UK), Fellow AIChE, Fellow SPE, Fellow IIChE, Fellow RSC",mmisra@uoguelph.ca,https://www.uoguelph.ca/profile/manjusri-misra-0,Biomedical Engineering; Biological Engineering; Brief Bio,NONE,Funded Graduate Opportunities available in my research group - Ph.D. and M.A.Sc in Biological Engineering*,https://www.uoguelph.ca/profile/manjusri-misra-0,undated (fetched 2026-10-06),NOT FOUND,NOT FOUND,NOT FOUND,NONE
University of Guelph,School of Engineering (College of Engineering) — Interdisciplinary Engineering,Michele Oliver,Professor,NONE,moliver@uoguelph.ca,https://www.uoguelph.ca/profile/michele-oliver,"Biomedical Engineering; Biological Engineering; Development, validation and use of novel wrist and knee wearable devices; Whole-body vibration mitigation methods",https://www.uoguelph.ca/engineering/moliver,NONE,NONE,NONE,https://www.uoguelph.ca/engineering/moliver/students,0 lines labelled as grad students (page may not label degree; check manually),no year printed on page,NONE
University of Guelph,School of Engineering (College of Engineering) — Interdisciplinary Engineering,Ashutosh Singh,Professor,NONE,asingh47@uoguelph.ca,https://www.uoguelph.ca/profile/ashutosh-singh,Biomedical Engineering; Biological Engineering; Molecular dynamics of food components; High electric field processing of thermo-sensitive food products; Development of new food products and processes,https://www.uoguelph.ca/engineering/asingh/home,NONE,NONE,NONE,NOT FOUND,NOT FOUND,NOT FOUND,NONE
University of Guelph,School of Engineering (College of Engineering) — Interdisciplinary Engineering,Eranga Ukwatta,Associate Professor,NONE,eukwatta@uoguelph.ca,https://www.uoguelph.ca/profile/eranga-ukwatta,Biomedical Engineering; Research Interest; Machine Learning for Medical Imaging; Deep Learning; Medical Image Analysis,https://imagingailab.uoguelph.ca/,NONE,NONE,NONE,https://imagingailab.uoguelph.ca/,0 lines labelled as grad students (page may not label degree; check manually),no year printed on page,NONE
University of Guelph,"School of Engineering (College of Engineering) — Interdisciplinary Engineering, Mechanical Engineering",Sheng Yang,Associate Professor,NONE,syang19@uoguelph.ca,https://www.uoguelph.ca/profile/sheng-yang,Mechanical Engineering; Engineering Systems and Computing; Human-AI Teaming; Robotic Manufacturing,https://sy1990.github.io/diim-lab/,2025.05.15 One PhD position is available on knowledge representation and learning in smart agriculture beginning 09/2025 or 01/2026.,https://sy1990.github.io/diim-lab/,date stated in quote: 2025.05.15,https://sy1990.github.io/diim-lab/people.html,"1 (auto-count of lines labelled PhD/MASc/MSc/MEng student on the people page, excluding Alumni/Former sections)",2026,NONE
University of Guelph,School of Engineering (College of Engineering) — Mechanical Engineering,Joseph Agyapong,Assistant Professor,NONE,agyaponj@uoguelph.ca,https://www.uoguelph.ca/profile/joseph-agyapong,"Mechanical Engineering; Dr. Agyapong’s research bridges alloy design, additive manufacturing, and extreme mechanical testing, with applications in aerospace, energy, transportation, and advanced manufacturing systems.; AI- and Machine Learning-Driven Materials Engineering",https://pr-ademlab.uoguelph.ca/,NONE,NONE,NONE,NOT FOUND,NOT FOUND,NOT FOUND,NONE
University of Guelph,School of Engineering (College of Engineering) — Mechanical Engineering,Wael H. Ahmed,Professor,NONE,ahmedw@uoguelph.ca,https://www.uoguelph.ca/profile/wael-h-ahmed,"Mechanical Engineering; Multiphase flow analysis for water, energy and food systems; Thermo-fluid analysis of mechanical systems; Undergraduate Courses; ENGG*2230 Fluid Mechanics",https://www.multifelab.com/,NONE,NONE,NONE,NOT FOUND,NOT FOUND,NOT FOUND,NONE
University of Guelph,School of Engineering (College of Engineering) — Mechanical Engineering,Mohammad Al Janaideh,Associate Professor,NONE,maljanai@uoguelph.ca,https://www.uoguelph.ca/profile/mohammad-al-janaideh,Mechanical Engineering,,NONE,NONE,NONE,NOT FOUND,NOT FOUND,NOT FOUND,NONE
University of Guelph,"School of Engineering (College of Engineering) — Civil, Environmental, and Water Resources Engineering, Mechanical Engineering",Amir A. Aliabadi,Associate Professor,NONE,aaliabad@uoguelph.ca,https://www.uoguelph.ca/profile/amir-aliabadi,Mechanical Engineering; Environmental Engineering; Environmental thermo-fluid dynamics; Air quality and thermal comfort in indoor and outdoor spaces; Environmental economics and finance,https://www.aaa-scientists.com/,NONE,NONE,NONE,https://www.aaa-scientists.com/group.html,"2 (auto-count of lines labelled PhD/MASc/MSc/MEng student on the people page, excluding Alumni/Former sections)",2024,NONE
University of Guelph,School of Engineering (College of Engineering) — Mechanical Engineering,Alexander Bardelcik,Associate Professor,NONE,abardelc@uoguelph.ca,https://www.uoguelph.ca/profile/alexander-bardelcik,"Mechanical Engineering; Micro-Mechanical characterization of multi-phase metals; Fracture characterization and Finite Element modelling of steels; Constitutive characterization of multi-phase (martensite, bainite, ferrite, pearlite) steels; Development of novel metal forming processes: Tailored Hot Stamping of 22MnB5, Warm Forming and Hot Stamping of Aluminum alloys",https://www.uoguelph.ca/engineering/bardelcik,NONE,NONE,NONE,NOT FOUND,NOT FOUND,NOT FOUND,NONE
University of Guelph,School of Engineering (College of Engineering) — Mechanical Engineering,Ryan M. C. Clemmer,Associate Professor,NONE,rclemmer@uoguelph.ca,https://www.uoguelph.ca/profile/ryan-m-c-clemmer,"Mechanical Engineering; Characterization and processing of metal-ceramic composites including the measuring of electrical conductivity, thermal expansion, and dimensional stability; Processing and sintering of porous powder compacts; Alternative energy and energy conversion systems including solid oxide fuel cell technology; Development of new materials",,NONE,NONE,NONE,NOT FOUND,NOT FOUND,NOT FOUND,NONE
University of Guelph,School of Engineering (College of Engineering) — Mechanical Engineering,Fantahun M. Defersha,Professor,NONE,fdefersh@uoguelph.ca,https://www.uoguelph.ca/profile/fantahun-m-defersha,"Mechanical Engineering; Manufacturing system analysis; flexible and cellular manufacturing systems; fractal, distributed, holonic and modular manufacturing systems\",https://www.defersha.ca/,NONE,NONE,NONE,NOT FOUND,NOT FOUND,NOT FOUND,NONE
University of Guelph,School of Engineering (College of Engineering) — Mechanical Engineering,Ibrahim Deiab,"Associate Dean, Research and Graduate Studies","Associate Dean, Research and Graduate Studies",NONE,https://www.uoguelph.ca/profile/ibrahim-deiab,"Mechanical Engineering; Metal cutting, modeling of Machining processes; fixture dynamics, machinability of Difficult-to- Cut materials",https://www.uoguelph.ca/engineering/ideiab/home,NONE,NONE,NONE,https://www.uoguelph.ca/engineering/ideiab/students,0 lines labelled as grad students (page may not label degree; check manually),2014,NONE
University of Guelph,"School of Engineering (College of Engineering) — Mechanical Engineering, Ontario Veterinary College, One Health Institute",Animesh Dutta,Professor,NONE,adutta@uoguelph.ca,https://www.uoguelph.ca/profile/animesh-dutta,"Mechanical Engineering; Thermochemical conversion (combustion, gasification, torrefaction) of agri-residue, biomass, and waste (MSW, Bio-solids) for fuel and energy; Renewable and cleaner energy technologies (ex: hydrogen from biomass, agri-residue and waste with in-process CO2 capture); Supercritical water gasification for energy and fuel; Design and assessment of advanced energy systems (grass pellet furnace design and optimization, co-firing of agri-residue and biomass with coal, boiler design) for fuel and power",https://www.uoguelph.ca/engineering/faculty/adutta,NONE,NONE,NONE,NOT FOUND,NOT FOUND,NOT FOUND,NONE
University of Guelph,School of Engineering (College of Engineering) — Mechanical Engineering,Abdallah Elsayed,Associate Professor,NONE,aelsay01@uoguelph.ca,https://www.uoguelph.ca/profile/abdallah-elsayed,"Mechanical Engineering; Casting and solidification of light alloys; Characterization of metals and alloys (OM, SEM, TEM, XRD, DSC); In-situ neutron diffraction for solidification and phase analysis studies; Molten metal treatment and processing",https://gsampl.uoguelph.ca/,NONE,NONE,NONE,NOT FOUND,NOT FOUND,NOT FOUND,NONE
University of Guelph,School of Engineering (College of Engineering) — Mechanical Engineering,Mostafa Elsharqawy,Professor,NONE,melsharq@uoguelph.ca,https://www.uoguelph.ca/profile/mostafa-elsharqawy,"Mechanical Engineering; Geothermal Energy; Salinity Gradient Energy; Solar Energy; Pore Network Modelling; Transport in Porous Media; Heat and Mass Exchangers; Waste Energy Recovery, Design Optimization; Thermophysical Properties; Desalination and Water Purification",,NONE,NONE,NONE,NOT FOUND,NOT FOUND,NOT FOUND,NONE
University of Guelph,School of Engineering (College of Engineering) — Mechanical Engineering,Marwan Hassan,Professor,NONE,mahassan@uoguelph.ca,https://www.uoguelph.ca/profile/marwan-hassan,Mechanical Engineering; Finite Element Analysis; Design; Fluid-structure Interaction,https://www.uoguelph.ca/engineering/mhassan/home,NONE,NONE,NONE,NOT FOUND,NOT FOUND,NOT FOUND,NONE
University of Guelph,School of Engineering (College of Engineering) — Mechanical Engineering,Hussien Hegab,Assistant Professor,NONE,hhegab@uoguelph.ca,https://www.uoguelph.ca/profile/hussien-hegab,"Mechanical Engineering; Research Directions; Advanced Machining of Hard-to-Cut Materials and Sustainable Cooling & Lubrication; Research on advanced machining of difficult-to-cut materials, sustainable cooling and lubrication, machining performance, tool wear, and resource-efficient manufacturing processes.",,NONE,NONE,NONE,NOT FOUND,NOT FOUND,NOT FOUND,NONE
University of Guelph,School of Engineering (College of Engineering) — Mechanical Engineering,Syeda Humaira Tasnim,Associate Professor,NONE,stasnim@uoguelph.ca,https://www.uoguelph.ca/profile/syeda-humaira-tasnim,Mechanical Engineering; Energy Management and Utilization (ENGG*3250); Fluid Mechanics (ENGG*2230); Thermodynamics (ENGG*3260); Engineering Analysis (ENGG*1500),,NONE,NONE,NONE,NOT FOUND,NOT FOUND,NOT FOUND,NONE
University of Guelph,School of Engineering (College of Engineering) — Mechanical Engineering,Shohel Mahmud,Professor,NONE,smahmud@uoguelph.ca,https://www.uoguelph.ca/profile/shohel-mahmud,Mechanical Engineering; Thermal Energy Storage; Phase Change Materials; Thermoelectric Energy Conversion; Electric Vehicles Battery Thermal Management,,NONE,NONE,NONE,NOT FOUND,NOT FOUND,NOT FOUND,NONE
University of Guelph,School of Engineering (College of Engineering) — Mechanical Engineering,Soha Eid Moussa,Associate Professor,NONE,smoussa@uoguelph.ca,https://www.uoguelph.ca/profile/soha-eid-moussa,Mechanical Engineering; Flexible and cellular manufacturing systems; Part sequencing and scheduling; Production and Inventory Control; Supply Chain Management,,NONE,NONE,NONE,NOT FOUND,NOT FOUND,NOT FOUND,NONE
University of Guelph,School of Engineering (College of Engineering) — Mechanical Engineering,Hari Simha,Professor,NONE,csimha@uoguelph.ca,https://www.uoguelph.ca/profile/hari-simha,"Mechanical Engineering; Novel experiments for damage and deformation of engineering alloys; Novel finite element methods for discontinuous fields; Structural integrity – for Nuclear, Pipeline and transportation of dangerous goods; Finite elements for fracture",https://www.uoguelph.ca/engineering/csimha,NONE,NONE,NONE,NOT FOUND,NOT FOUND,NOT FOUND,NONE
University of Guelph,School of Engineering (College of Engineering) — Mechanical Engineering,Junyao Xie,Assistant Professor,NONE,jxie10@uoguelph.ca,https://www.uoguelph.ca/profile/junyao-xie,"Mechanical Engineering; Control theory, moving horizon estimation, distributed parameter systems, and systems engineering; Artificial intelligence, machine learning, and quantum computing for dynamic modeling, soft sensing, fault diagnosis, and smart automation; Physics-informed machine learning and digital twins for intelligent monitoring and control with enhanced safety and sustainability",https://sites.uoguelph.ca/jxie/,"In June 2026, a funded domestic MASc position is available in Machine Learning for Flow-Structure System Identification (see the detailed ad here).",https://sites.uoguelph.ca/jxie/,date stated in quote: June 2026,https://jxie.uoguelph.ca/team/,"1 (auto-count of lines labelled PhD/MASc/MSc/MEng student on the people page, excluding Alumni/Former sections)",no year printed on page,NONE
University of Guelph,School of Engineering (College of Engineering) — Mechanical Engineering,Binyan Xu,Assistant Professor,NONE,binyan@uoguelph.ca,https://www.uoguelph.ca/profile/binyan-xu,"Mechanical Engineering; Advanced control theory and algorithms; Fault detection, fault-tolerant control, and performance recovery; Cooperative and coordination control of multi-agent systems",,NONE,NONE,NONE,NOT FOUND,NOT FOUND,NOT FOUND,NONE
University of Calgary,Mechanical and Manufacturing Engineering,Mahdis Bisheban,Associate Professor,NONE,mahdis.bisheban@ucalgary.ca,https://profiles.ucalgary.ca/mahdis-bisheban,"Control and Modelling of Dynamical Systems, including Aircraft, Unmanned Aerial and Underwater Vehicles, Application of Machine Learning on Control and Modelling of Dynamical Systems, Predictive Maintenance and Anomaly Detection in Manufacturing",https://researchdirectory.ucalgary.ca/intelligent-dynamics-control,"Supervisor status ""Doctoral: Seeking Students; Masters: Seeking Students"" (UCalgary FGS supervisor directory); profile ""I'm looking for..."": Research partners",https://grad.ucalgary.ca/future-students/supervisor/mahdis-bisheban,undated (fetched 2026-10-06),NOT FOUND,NOT FOUND,NOT FOUND,NONE
University of Calgary,Mechanical and Manufacturing Engineering,Bob Brennan,Professor,NONE,rbrennan@ucalgary.ca,https://profiles.ucalgary.ca/bob-brennan,"Advancing Resilient and Adaptive Industrial Cyber-Physical Systems through Innovative Device-Level Self-Management, Agent-based Modelling",NONE,"Supervisor status ""Masters: Accepting Inquiries; Doctoral: Accepting Inquiries"" (UCalgary FGS supervisor directory)",https://grad.ucalgary.ca/future-students/supervisor/bob-brennan,undated (fetched 2026-10-06),NOT FOUND,NOT FOUND,NOT FOUND,NONE
University of Calgary,Mechanical and Manufacturing Engineering,Marie Charbonneau,Assistant Professor,NONE,marie.charbonneau@ucalgary.ca,https://profiles.ucalgary.ca/marie-charbonneau,"Humanoid Robotics, Contact-Based Human-Robot Interaction, Physical Human-Robot Collaboration",NONE,"Supervisor status ""Doctoral: Unavailable; Masters: Unavailable"" (UCalgary FGS supervisor directory); profile ""I'm looking for..."": Research partners; Currently looking for partners interested in human-robot collaboration.",https://grad.ucalgary.ca/future-students/supervisor/marie-charbonneau-phd,undated (fetched 2026-10-06),NOT FOUND,NOT FOUND,NOT FOUND,NONE
University of Calgary,Mechanical and Manufacturing Engineering,Demet Cilden Guler,Assistant Professor,NONE,demet.cildenguler@ucalgary.ca,https://profiles.ucalgary.ca/demet-cilden-guler,"Spacecraft attitude estimation and control, Space environment effects",https://www.spacelaboratory.info/,"Supervisor status ""Masters: Accepting Inquiries; Doctoral: Seeking Students"" (UCalgary FGS supervisor directory); profile ""I'm looking for..."": Research assistants; SPACE Lab - Check Opportunities",https://grad.ucalgary.ca/future-students/supervisor/demet-cilden-guler-phd,undated (fetched 2026-10-06),https://www.spacelaboratory.info/#people,"9 (auto-count of lines labelled PhD/MASc/MSc/MEng student on the people page, excluding Alumni/Former sections)",2026,NONE
University of Calgary,Mechanical and Manufacturing Engineering,Ke Du,Full Professor,NONE,kddu@ucalgary.ca,https://profiles.ucalgary.ca/ke-du,"1) Air pollution process, 2) Environmental monitoring techniques",https://live-ucalgary.ucalgary.ca/urban-air-pollution/research,"Supervisor status ""Doctoral: Accepting Inquiries; Masters: Accepting Inquiries"" (UCalgary FGS supervisor directory)",https://grad.ucalgary.ca/future-students/supervisor/ke-du,undated (fetched 2026-10-06),https://live-ucalgary.ucalgary.ca/urban-air-pollution/members,"2 (auto-count of lines labelled PhD/MASc/MSc/MEng student on the people page, excluding Alumni/Former sections)",2024,NONE
University of Calgary,Mechanical and Manufacturing Engineering,Philip Egberts,Full Professor,NONE,pgsegber@ucalgary.ca,https://profiles.ucalgary.ca/philip-egberts,"Nanotribology, Ultra-high vacuum surface science, Lubricants and Coatings",https://www.ucalgary.ca/labs/nanotribology?utm_source=egberts&utm_medium=redirect&utm_campaign=redirect,"Supervisor status ""Masters: Accepting Inquiries; Doctoral: Accepting Inquiries"" (UCalgary FGS supervisor directory)",https://grad.ucalgary.ca/future-students/supervisor/philip-egberts,undated (fetched 2026-10-06),https://researchdirectory.ucalgary.ca/nanotribology/home/people-nanotriboloy-lab,"20 (auto-count of lines labelled PhD/MASc/MSc/MEng student on the people page, excluding Alumni/Former sections)",2026,NONE
University of Calgary,Mechanical and Manufacturing Engineering,Leo Fang,Assistant Professor,NONE,xiaohang.fang@ucalgary.ca,https://profiles.ucalgary.ca/leo-fang,"Turbulent Combustion Modelling , Manifold Reduction Techniques , Computational Fluid Dynamics , Spray Modelling, Data driven/machine learning techniques for turbulent flows",https://rockettroopers.wixsite.com/stormtrooper,"Supervisor status ""Doctoral: Seeking Students; Masters: Seeking Students"" (UCalgary FGS supervisor directory)",https://grad.ucalgary.ca/future-students/supervisor/leo-fang,undated (fetched 2026-10-06),https://rockettroopers.wixsite.com/stormtrooper/team-1,"13 (auto-count of lines labelled PhD/MASc/MSc/MEng student on the people page, excluding Alumni/Former sections)",2026,NONE
University of Calgary,Mechanical and Manufacturing Engineering,Salvatore Federico,Professor,NONE,salvatore.federico@ucalgary.ca,https://profiles.ucalgary.ca/salvatore-federico,"Continuum Mechanics, Soft Tissue Biomechanics",NONE,"Supervisor status ""Doctoral: Accepting Inquiries; Masters: Accepting Inquiries"" (UCalgary FGS supervisor directory)",https://grad.ucalgary.ca/future-students/supervisor/salvatore-federico,undated (fetched 2026-10-06),NOT FOUND,NOT FOUND,NOT FOUND,NONE
University of Calgary,Mechanical and Manufacturing Engineering,Peter Goldsmith,Associate Professor,NONE,pgoldsmi@ucalgary.ca,https://profiles.ucalgary.ca/peter-goldsmith,"Robotics, Control Systems, Human-Computer Interfaces, Mathematics, Education",NONE,"Supervisor status ""Masters: Accepting Inquiries; Doctoral: Accepting Inquiries"" (UCalgary FGS supervisor directory)",https://grad.ucalgary.ca/future-students/supervisor/peter-goldsmith,undated (fetched 2026-10-06),NOT FOUND,NOT FOUND,NOT FOUND,NONE
University of Calgary,Mechanical and Manufacturing Engineering,Schuyler Hinman,Associate Professor,NONE,wshinman@ucalgary.ca,https://profiles.ucalgary.ca/schuyler-hinman,"CFD for sustainable energy sources including biofuels, Conceptual design of high-speed aerospace vehicles for re-entry, Novel drone application and design",http://www.hinmanresearchgroup.com,"Supervisor status ""Doctoral: Seeking Students; Masters: Seeking Students"" (UCalgary FGS supervisor directory)",https://grad.ucalgary.ca/future-students/supervisor/schuyler-hinman,undated (fetched 2026-10-06),NOT FOUND,NOT FOUND,NOT FOUND,NONE
University of Calgary,Mechanical and Manufacturing Engineering,Craig Johansen,Professor,SSE Research Chair,johansen@ucalgary.ca,https://profiles.ucalgary.ca/craig-johansen,High-Speed Aerodynamics and Propulsion,https://ucalgary.ca/aerocore,"Supervisor status ""Masters: Unavailable; Doctoral: Unavailable"" (UCalgary FGS supervisor directory)",https://grad.ucalgary.ca/future-students/supervisor/craig-johansen-mba-phd-peng,undated (fetched 2026-10-06),https://researchdirectory.ucalgary.ca/aerospace-compressible-flow/people,"6 (auto-count of lines labelled PhD/MASc/MSc/MEng student on the people page, excluding Alumni/Former sections)",2023,NONE
University of Calgary,Mechanical and Manufacturing Engineering,Vaishnavi Kale,Assistant Professor,NONE,vaishnavi.kale@ucalgary.ca,https://profiles.ucalgary.ca/vaishnavi-kale,"Topology optimization, Design of sustainable and renewable energy systems, Finite element analysis",NONE,"Supervisor status ""Masters: Accepting Inquiries; Doctoral: Accepting Inquiries"" (UCalgary FGS supervisor directory)",https://grad.ucalgary.ca/future-students/supervisor/vaishnavi-kale,undated (fetched 2026-10-06),NOT FOUND,NOT FOUND,NOT FOUND,NONE
University of Calgary,Mechanical and Manufacturing Engineering,Muhammad Shehryar Khan,Assistant Professor,NONE,shehryar.khan2@ucalgary.ca,https://profiles.ucalgary.ca/muhammad-shehryar-khan,Advanced Manufacturing and Materials Processing,NONE,"Supervisor status ""Doctoral: Accepting Inquiries; Masters: Accepting Inquiries"" (UCalgary FGS supervisor directory); profile ""I'm looking for..."": Research partners; Seeking collaborators in multi-material joining, surface engineering, and data-driven advanced manufacturing, especially for aerospace, automotive, energy, dual-use, and clean tech applications.; Research assistants; The; Hy-AMP Lab",https://grad.ucalgary.ca/future-students/supervisor/shehryar-khan,undated (fetched 2026-10-06),NOT FOUND,NOT FOUND,NOT FOUND,NONE
University of Calgary,Mechanical and Manufacturing Engineering,Keekyoung Kim,Full Professor,NONE,keekyoung.kim@ucalgary.ca,https://profiles.ucalgary.ca/keekyoung-kim,"3D bioprinting, Biofabrication, Tissue Engineering, Biomaterials, BioMEMS, Biosensors",https://sites.google.com/view/ucalgary-abl/home,"Supervisor status ""Doctoral: Accepting Inquiries; Masters: Accepting Inquiries"" (UCalgary FGS supervisor directory)",https://grad.ucalgary.ca/future-students/supervisor/keekyoung-kim,undated (fetched 2026-10-06),https://sites.google.com/view/ucalgary-abl/people,"8 (auto-count of lines labelled PhD/MASc/MSc/MEng student on the people page, excluding Alumni/Former sections)",2026,NONE
University of Calgary,Mechanical and Manufacturing Engineering,Seonghwan (Sam) Kim,Full Professor,NONE,sskim@ucalgary.ca,https://profiles.ucalgary.ca/seonghwan-kim,"M/NEMS with IR spectroscopy, Nano-metrology with SPM, Porous Nanomaterials for Sensing, Nanomaterials for enhanced oil recovery and environmental remediation, Micro/nanoscale fluid-structure interaction",https://www.ucalgary.ca/labs/nanosensors/home,"Supervisor status ""Doctoral: Accepting Inquiries; Masters: Unavailable"" (UCalgary FGS supervisor directory)",https://grad.ucalgary.ca/future-students/supervisor/seonghwan-kim,undated (fetched 2026-10-06),https://www.ucalgary.ca/labs/nanosensors/people,"1 (auto-count of lines labelled PhD/MASc/MSc/MEng student on the people page, excluding Alumni/Former sections)",2026,NONE
University of Calgary,Mechanical and Manufacturing Engineering,Artem Korobenko,Associate Professor,Associate Head (Research),artem.korobenko@ucalgary.ca,https://profiles.ucalgary.ca/artem-korobenko,Ongoing and perspective research directions,https://www.cfsmgroup.com/,"Supervisor status ""Doctoral: Accepting Inquiries; Masters: Accepting Inquiries"" (UCalgary FGS supervisor directory)",https://grad.ucalgary.ca/future-students/supervisor/artem-korobenko,undated (fetched 2026-10-06),NOT FOUND,NOT FOUND,NOT FOUND,NONE
University of Calgary,Mechanical and Manufacturing Engineering,Jihyun Lee,Associate Professor,NONE,jihyun.lee@ucalgary.ca,https://profiles.ucalgary.ca/jihyun-lee,"Mechatronics, robotics, manufacturing, vibrations, dynamics, control",https://ucalgary.ca/labs/intelligent-automation,"Supervisor status ""Doctoral: Accepting Inquiries; Masters: Accepting Inquiries"" (UCalgary FGS supervisor directory)",https://grad.ucalgary.ca/future-students/supervisor/jihyun-lee,undated (fetched 2026-10-06),https://researchdirectory.ucalgary.ca/intelligent-automation/people,"5 (auto-count of lines labelled PhD/MASc/MSc/MEng student on the people page, excluding Alumni/Former sections)",2026,NONE
University of Calgary,Mechanical and Manufacturing Engineering,LePing Li,Professor,NONE,leping.li@ucalgary.ca,https://profiles.ucalgary.ca/leping-li,Biomechanics of joints - Knee joint,https://www.ucalgary.ca/joint-mechanics,"Supervisor status ""Masters: Accepting Inquiries; Doctoral: Seeking Students"" (UCalgary FGS supervisor directory); profile ""I'm looking for..."": Research partners; Sponsorship for NSERC grant applications with industrial partners for research in applied mechanics, e.g., failure mechanics of buried energy pipelines, and orthopaedic biomechanics; Research assistants; PhD or MSc students for population modelling of human knee joint. For information, please visit; https://www.ucalgary.ca/joint-mechanics/graduate-students",https://grad.ucalgary.ca/future-students/supervisor/leping-li,undated (fetched 2026-10-06),NOT FOUND,NOT FOUND,NOT FOUND,NONE
University of Calgary,Mechanical and Manufacturing Engineering,Simon Li,Associate Professor,Energy Engineering Program Director,simoli@ucalgary.ca,https://profiles.ucalgary.ca/simon-li,NOT FOUND,NONE,"Supervisor status ""Masters: Accepting Inquiries"" (UCalgary FGS supervisor directory)",https://grad.ucalgary.ca/future-students/supervisor/simon-li,undated (fetched 2026-10-06),NOT FOUND,NOT FOUND,NOT FOUND,NONE
University of Calgary,Mechanical and Manufacturing Engineering,Eric Limacher,Assistant Professor,NONE,ejlimach@ucalgary.ca,https://profiles.ucalgary.ca/eric-limacher,"Energy Extraction from Unsteady Fluid Flows, Wind-Turbine Theory, Unsteady Wing Aerodynamics",NONE,"Supervisor status ""Masters: Seeking Students; Doctoral: Seeking Students"" (UCalgary FGS supervisor directory)",https://grad.ucalgary.ca/future-students/supervisor/eric-limacher,undated (fetched 2026-10-06),NOT FOUND,NOT FOUND,NOT FOUND,NONE
University of Calgary,Mechanical and Manufacturing Engineering,Shiva Mohajernia,Schulich Research Chair,NONE,shiva.mohajernia@ucalgary.ca,https://profiles.ucalgary.ca/shiva-mohajernia,"Cold-climate energy materials, Single-Atom materials, Energy conversion and Power to X, Low-cost hydrogen generation",https://www.nrgmats.com/ (did not load on 2026-10-06: 403 ),"Supervisor status ""Seeking Students"" (UCalgary FGS supervisor directory)",https://www.ucalgary.ca/future-students/graduate/explore-programs/mechanical-manufacturing-engineering-master-science-thesis-based,undated (fetched 2026-10-06),NOT FOUND,NOT FOUND,NOT FOUND,NONE
University of Calgary,Mechanical and Manufacturing Engineering,Aggrey Mwesigye,Associate Professor,NONE,aggrey.mwesigye@ucalgary.ca,https://profiles.ucalgary.ca/aggrey-mwesigye,"Solar thermal energy, Geothermal energy systems, Thermal energy storage",https://www.ucalgary.ca/labs/thermal-energy-systems/research,"Supervisor status ""Doctoral: Accepting Inquiries; Masters: Unavailable"" (UCalgary FGS supervisor directory); profile ""I'm looking for..."": Funding; Research partners; I am open to research partnerships in sustainable thermal energy systems, including, geothermal, concentrating solar, thermal energy storage, and district heating, among others",https://grad.ucalgary.ca/future-students/supervisor/aggrey-mwesigye,undated (fetched 2026-10-06),https://www.ucalgary.ca/labs/thermal-energy-systems/research#,0 lines labelled as grad students (page may not label degree; check manually),no year printed on page,NONE
University of Calgary,Mechanical and Manufacturing Engineering,Jeff Pieper,Professor,Associate Dean,pieper@ucalgary.ca,https://profiles.ucalgary.ca/jeff-pieper,Control Systems,NONE,"Supervisor status ""Doctoral: Accepting Inquiries; Masters: Accepting Inquiries"" (UCalgary FGS supervisor directory)",https://grad.ucalgary.ca/future-students/supervisor/jeff-pieper,undated (fetched 2026-10-06),NOT FOUND,NOT FOUND,NOT FOUND,NONE
University of Calgary,Mechanical and Manufacturing Engineering,Emily Rogers-Bradley,Assistant Professor,NONE,emily.rogersbradley@ucalgary.ca,https://profiles.ucalgary.ca/emily-rogers-bradley,"Biomechanics, Medical Device Design, Prosthetics & Exoskeletons",https://ucalgary.ca/labs/adaptive-bionics/home,"Supervisor status ""Doctoral: Seeking Students; Masters: Seeking Students"" (UCalgary FGS supervisor directory)",https://grad.ucalgary.ca/future-students/supervisor/emily-rogers-bradley,undated (fetched 2026-10-06),https://ucalgary.ca/labs/adaptive-bionics/people,"2 (auto-count of lines labelled PhD/MASc/MSc/MEng student on the people page, excluding Alumni/Former sections)",2025,NONE
University of Calgary,Mechanical and Manufacturing Engineering,Janet Ronsky,"Professor (profiles.ucalgary.ca); the department faculty page lists her under ""Professors emeriti"" as ""Professor Emerita""",NONE,jlronsky@ucalgary.ca,https://profiles.ucalgary.ca/janet-ronsky,Musculoskeletal biomechanics,NONE,"Supervisor status ""Masters: Accepting Inquiries; Doctoral: Accepting Inquiries"" (UCalgary FGS supervisor directory); profile ""I'm looking for..."": Research partners; Research partners and collaborations:; in the areas of Biomedical Engineering, biomechanics, musculoskeletal and joint modeling, biomaterials, imaging, AI, clinical applications, BME devices.; Learning opportunities; Excellent trainees (PDF, PhD, MSc & UG levels):",https://grad.ucalgary.ca/future-students/supervisor/janet-ronsky,undated (fetched 2026-10-06),NOT FOUND,NOT FOUND,NOT FOUND,NONE
University of Calgary,Mechanical and Manufacturing Engineering,Ahmed Alade Tiamiyu,Associate Professor,NONE,ahmed.tiamiyu@ucalgary.ca,https://profiles.ucalgary.ca/ahmed-alade-tiamiyu,"Powder metallurgy, Cold-spray additive manufacturing, Mechanical behavior (dynamic and quasi-static) of materials, Microballistics: High-velocity impact of microparticles, Materials characterization",https://researchdirectory.ucalgary.ca/materials-performance,"Supervisor status ""Doctoral: Seeking Students; Masters: Seeking Students"" (UCalgary FGS supervisor directory); profile ""I'm looking for..."": Funding; Research partners",https://grad.ucalgary.ca/future-students/supervisor/ahmed-tiamiyu,undated (fetched 2026-10-06),https://researchdirectory.ucalgary.ca/materials-performance/people,0 lines labelled as grad students (page may not label degree; check manually),2026,NONE
University of Calgary,Mechanical and Manufacturing Engineering,Paul Tu,Professor,NONE,paultu@ucalgary.ca,https://profiles.ucalgary.ca/paul-tu,Manufacturing Engineering,NONE,"Supervisor status ""Doctoral: Accepting Inquiries; Masters: Accepting Inquiries"" (UCalgary FGS supervisor directory)",https://grad.ucalgary.ca/future-students/supervisor/paul-tu,undated (fetched 2026-10-06),NOT FOUND,NOT FOUND,NOT FOUND,NONE
University of Calgary,Mechanical and Manufacturing Engineering,Deyi Xue,Professor,NONE,dxue@ucalgary.ca,https://profiles.ucalgary.ca/deyi-xue,Design and Manufacturing in Mechanical Engineering,https://wpsites.ucalgary.ca/intelligent-design/,"Supervisor status ""Doctoral: Accepting Inquiries; Masters: Accepting Inquiries"" (UCalgary FGS supervisor directory)",https://grad.ucalgary.ca/future-students/supervisor/deyi-xue,undated (fetched 2026-10-06),NOT FOUND,NOT FOUND,NOT FOUND,NONE
University of Calgary,Mechanical and Manufacturing Engineering,Walter Herzog,"Joint appointment (Kinesiology, Engineering, Medicine) — as listed under ""Joint appointments""",NONE,wherzog@ucalgary.ca,https://schulich.ucalgary.ca/mechanical-manufacturing/faculty-members,NOT FOUND (not on department page),NONE,NONE,NONE,NONE,NOT FOUND,NOT FOUND,NOT FOUND,NONE
University of Calgary,Mechanical and Manufacturing Engineering,Steven Boyd,"Professor (Engineering, Medicine) — joint appointment",NONE,skboyd@ucalgary.ca,https://schulich.ucalgary.ca/mechanical-manufacturing/faculty-members,NOT FOUND (not on department page),NONE,NONE,NONE,NONE,NOT FOUND,NOT FOUND,NOT FOUND,NONE
University of Calgary,Mechanical and Manufacturing Engineering,William Brent Edwards,Adjunct Associate Professor,SKIP,SKIP,https://schulich.ucalgary.ca/mechanical-manufacturing/faculty-members,SKIP,SKIP,SKIP,SKIP,SKIP,SKIP,SKIP,SKIP,SKIP
University of Calgary,Mechanical and Manufacturing Engineering,Mario Forcinito,Adjunct (AP Dynamics),SKIP,SKIP,https://schulich.ucalgary.ca/mechanical-manufacturing/faculty-members,SKIP,SKIP,SKIP,SKIP,SKIP,SKIP,SKIP,SKIP,SKIP
University of Calgary,Mechanical and Manufacturing Engineering,Craig Andrew Good,Adjunct (Collision Analysis),SKIP,SKIP,https://schulich.ucalgary.ca/mechanical-manufacturing/faculty-members,SKIP,SKIP,SKIP,SKIP,SKIP,SKIP,SKIP,SKIP,SKIP
University of Calgary,Mechanical and Manufacturing Engineering,Alan Murray,Adjunct (Pipeline Engineering Centre),SKIP,SKIP,https://schulich.ucalgary.ca/mechanical-manufacturing/faculty-members,SKIP,SKIP,SKIP,SKIP,SKIP,SKIP,SKIP,SKIP,SKIP
University of Calgary,Mechanical and Manufacturing Engineering,Paul McBeth,Adjunct (University of Calgary),SKIP,SKIP,https://schulich.ucalgary.ca/mechanical-manufacturing/faculty-members,SKIP,SKIP,SKIP,SKIP,SKIP,SKIP,SKIP,SKIP,SKIP
University of Calgary,Mechanical and Manufacturing Engineering,Benno Nigg,"Adjunct (University of Calgary, Kinesiology)",SKIP,SKIP,https://schulich.ucalgary.ca/mechanical-manufacturing/faculty-members,SKIP,SKIP,SKIP,SKIP,SKIP,SKIP,SKIP,SKIP,SKIP
University of Calgary,Mechanical and Manufacturing Engineering,Darren Stefanyshyn,"Adjunct (University of Calgary, Kinesiology)",SKIP,SKIP,https://schulich.ucalgary.ca/mechanical-manufacturing/faculty-members,SKIP,SKIP,SKIP,SKIP,SKIP,SKIP,SKIP,SKIP,SKIP
University of Calgary,Mechanical and Manufacturing Engineering,Daryl Caswell,Professor Emeritus,SKIP,SKIP,https://schulich.ucalgary.ca/mechanical-manufacturing/faculty-members,SKIP,SKIP,SKIP,SKIP,SKIP,SKIP,SKIP,SKIP,SKIP
University of Calgary,Mechanical and Manufacturing Engineering,Owen R. Fauvel,Professor Emeritus,SKIP,SKIP,https://schulich.ucalgary.ca/mechanical-manufacturing/faculty-members,SKIP,SKIP,SKIP,SKIP,SKIP,SKIP,SKIP,SKIP,SKIP
University of Calgary,Mechanical and Manufacturing Engineering,Peihua Gu,Professor Emeritus,SKIP,SKIP,https://schulich.ucalgary.ca/mechanical-manufacturing/faculty-members,SKIP,SKIP,SKIP,SKIP,SKIP,SKIP,SKIP,SKIP,SKIP
University of Calgary,Mechanical and Manufacturing Engineering,Ghazi Karim,Professor Emeritus,SKIP,SKIP,https://schulich.ucalgary.ca/mechanical-manufacturing/faculty-members,SKIP,SKIP,SKIP,SKIP,SKIP,SKIP,SKIP,SKIP,SKIP
University of Calgary,Mechanical and Manufacturing Engineering,Edwin C. Mikulcik,Professor Emeritus,SKIP,SKIP,https://schulich.ucalgary.ca/mechanical-manufacturing/faculty-members,SKIP,SKIP,SKIP,SKIP,SKIP,SKIP,SKIP,SKIP,SKIP
University of Calgary,Mechanical and Manufacturing Engineering,Richard Rowe,Professor Emeritus,SKIP,SKIP,https://schulich.ucalgary.ca/mechanical-manufacturing/faculty-members,SKIP,SKIP,SKIP,SKIP,SKIP,SKIP,SKIP,SKIP,SKIP
University of Calgary,Mechanical and Manufacturing Engineering,William John Douglas Shaw,Professor Emeritus,SKIP,SKIP,https://schulich.ucalgary.ca/mechanical-manufacturing/faculty-members,SKIP,SKIP,SKIP,SKIP,SKIP,SKIP,SKIP,SKIP,SKIP
University of Calgary,Mechanical and Manufacturing Engineering,Mansa C. Singh,Professor Emeritus,SKIP,SKIP,https://schulich.ucalgary.ca/mechanical-manufacturing/faculty-members,SKIP,SKIP,SKIP,SKIP,SKIP,SKIP,SKIP,SKIP,SKIP
University of Calgary,Mechanical and Manufacturing Engineering,Slawomir Spiewak,Professor Emeritus,SKIP,SKIP,https://schulich.ucalgary.ca/mechanical-manufacturing/faculty-members,SKIP,SKIP,SKIP,SKIP,SKIP,SKIP,SKIP,SKIP,SKIP
University of Calgary,Mechanical and Manufacturing Engineering,Oleg Vinogradov,Professor Emeritus,SKIP,SKIP,https://schulich.ucalgary.ca/mechanical-manufacturing/faculty-members,SKIP,SKIP,SKIP,SKIP,SKIP,SKIP,SKIP,SKIP,SKIP
University of Calgary,Mechanical and Manufacturing Engineering,Ida Wierzba,Professor Emerita,SKIP,SKIP,https://schulich.ucalgary.ca/mechanical-manufacturing/faculty-members,SKIP,SKIP,SKIP,SKIP,SKIP,SKIP,SKIP,SKIP,SKIP
University of Calgary,Mechanical and Manufacturing Engineering,David Wood,Professor Emeritus,SKIP,SKIP,https://schulich.ucalgary.ca/mechanical-manufacturing/faculty-members,SKIP,SKIP,SKIP,SKIP,SKIP,SKIP,SKIP,SKIP,SKIP
University of Calgary,Mechanical and Manufacturing Engineering,Yufeng (Frank) Cheng,"listed in ""Professors emeriti"" section without a title",SKIP,SKIP,https://schulich.ucalgary.ca/mechanical-manufacturing/faculty-members,SKIP,SKIP,SKIP,SKIP,SKIP,SKIP,SKIP,SKIP,SKIP
University of Alberta,Mechanical Engineering,BLOCKED,"BLOCKED: www.ualberta.ca returns HTTP 403 (CloudFront ""Request blocked"") for every URL incl. robots.txt from this environment; not bypassed",BLOCKED,BLOCKED,https://www.ualberta.ca/en/mechanical-engineering/people/index.html,BLOCKED,BLOCKED,BLOCKED,BLOCKED,BLOCKED,BLOCKED,BLOCKED,BLOCKED,BLOCKED
University of Alberta,Chemical and Materials Engineering,BLOCKED,"BLOCKED: www.ualberta.ca returns HTTP 403 (CloudFront ""Request blocked"") for every URL incl. robots.txt from this environment; not bypassed",BLOCKED,BLOCKED,https://www.ualberta.ca/en/chemical-materials-engineering/people/index.html,BLOCKED,BLOCKED,BLOCKED,BLOCKED,BLOCKED,BLOCKED,BLOCKED,BLOCKED,BLOCKED
University of Regina,Industrial Systems Engineering (Industrial & Process Systems Engineering),Paitoon Tontiwachwuthikul,Professor,NONE,Paitoon.Tontiwachwuthikul@uregina.ca,https://www.uregina.ca/engineering/directory/paitoon-tontiwachwuthikul.html,"New technologies for CO2 recovery, production, and utilization (including Greenhouse Gas Control Technologies), High efficiency processes for gas separation and purification, Industrial pollution prevention and control (including energy and environment issues), Heat & mass transfer with chemical reactions, Industrial corrosion prevention and control Intelligent and knowledge-based systems developm",NONE,NONE,NONE,NONE,NOT FOUND,NOT FOUND,NOT FOUND,NONE
University of Regina,Industrial Systems Engineering (Industrial & Process Systems Engineering),Syed Adeel Haneef Zaidi,Lab Instructor,SKIP,SKIP,https://www.uregina.ca/engineering/directory/syed-adeel-haneef-zaidi.html,SKIP,SKIP,SKIP,SKIP,SKIP,SKIP,SKIP,SKIP,SKIP
University of Regina,Industrial Systems Engineering (Industrial & Process Systems Engineering),Adisorn Aroonwilas,Associate Professor,NONE,Adisorn.Aroonwilas@uregina.ca,https://www.uregina.ca/engineering/directory/adisorn-aroonwilas.html,"CO2 capture and Greenhouse gas control technology, Biodiesel Production TechnologyNatural Gas Purification, CO2 capture using spray columns, Modeling, simulation and optimization of gas treating processes, Cogeneration and heat integration for power generation with CO2 capture",NONE,NONE,NONE,NONE,NOT FOUND,NOT FOUND,NOT FOUND,NONE
University of Regina,Industrial Systems Engineering (Industrial & Process Systems Engineering),Liming Dai,Professor,NONE,Liming.Dai@uregina.ca,https://www.uregina.ca/engineering/directory/liming-dai.html,"Linear and non-linear vibrations/oscillations and the control of vibrations subjected to static and dynamic loadings; Numerical simulation of nonlinear dynamical systems, sound and wave propagation; Enhanced Oil Recovery (EOR) with seismic wave and vibration stimulation; Industrial noise, traffic noise, and noise control with acoustic design for industrial and domestic facilities; Analysis with Fi",NONE,NONE,NONE,NONE,NOT FOUND,NOT FOUND,NOT FOUND,NONE
University of Regina,Industrial Systems Engineering (Industrial & Process Systems Engineering),David deMontigny,Professor,NONE,David.deMontigny@uregina.ca,https://www.uregina.ca/engineering/directory/david-demontigny.html,"CO2 absorption in packed columns and membrane contactors; Solvent regeneration in membrane desorbers; Membrane-solvent wettability and performance evaluation; Manufacturing of hydrophobic, microporous polymer membranes; Design of membrane contactor modules; Engineering education; Academic integrity",NONE,NONE,NONE,NONE,NOT FOUND,NOT FOUND,NOT FOUND,NONE
University of Regina,Industrial Systems Engineering (Industrial & Process Systems Engineering),Amr Henni,Professor,NONE,Amr.Henni@uregina.ca,https://www.uregina.ca/engineering/directory/amr-henni.html,"Acid gas removal from natural and flue gases, Calorimetry Mass transfer with chemical reactions, Solubility of gases in liquids, Vapor-liquid-equilibria and PVT studies, Pressure swing and temperature swing adsorptions, Physical and transport properties measurements, Process plant simulation, Renewable energy (wind and solar), Water desalination, Biotechnology (proteins and cells), Polymer Enginee",NONE,NONE,NONE,NONE,NOT FOUND,NOT FOUND,NOT FOUND,NONE
University of Regina,Industrial Systems Engineering (Industrial & Process Systems Engineering),Hussameldin Ibrahim,"Director, Clean Energy Technologies Research Institute (CETRI); Professor","Director, Clean Energy Technologies Research Institute (CETRI); Professor",Hussameldin.Ibrahim@uregina.ca,https://www.uregina.ca/engineering/directory/hussameldin-ibrahim.html,"Heterogeneous catalysis and catalyst development for greener fuels, syngas, hydrogen, biofuels and fine chemicals production from fossil- and biomass-derived feedstocks. Chemical reaction engineering, kinetics and reactor modeling and design for CO2 capture, biofuel and syngas/hydrogen production. Agricultural residue catalytic hydrothermal liquefaction to HEV biofuels. Catalytic thermal conversio",NONE,NONE,NONE,NONE,NOT FOUND,NOT FOUND,NOT FOUND,NONE
University of Regina,Industrial Systems Engineering (Industrial & Process Systems Engineering),Raphael Idem,Professor,NONE,Raphael.Idem@uregina.ca,https://www.uregina.ca/engineering/directory/raphael-idem.html,"Greenhouse Gas Emissions Mitigation; Carbon Dioxide Capture from Flue Gases from Industrial Sources; Reformer Technology/Fuel Processing for Fuel Cell Application/Hydrogen Energy; Reaction Kinetics, Reaction Mechanisms, and Heterogeneous Catalyst Development; Fossil and Bio-fuels Processing; Bioenergy; Carbon Dioxide Utilization",NONE,NONE,NONE,NONE,NOT FOUND,NOT FOUND,NOT FOUND,NONE
University of Regina,Industrial Systems Engineering (Industrial & Process Systems Engineering),Robert Jones,Lab Instructor (Emeritus),SKIP,SKIP,https://www.uregina.ca/engineering/directory/robert-jones.html,SKIP,SKIP,SKIP,SKIP,SKIP,SKIP,SKIP,SKIP,SKIP
University of Regina,Industrial Systems Engineering (Industrial & Process Systems Engineering),Golam Kabir,Professor,NONE,Golam.Kabir@uregina.ca,https://www.uregina.ca/engineering/directory/golam-kabir.html,"Sustainable, Reliable, and Resilient Critical Infrastructure Systems; Circular Economy and Net-Zero Strategies; Sustainable and Resilient Supply Chain Management; Data-Driven Decision-Making.",NONE,NONE,NONE,NONE,NOT FOUND,NOT FOUND,NOT FOUND,NONE
University of Regina,Industrial Systems Engineering (Industrial & Process Systems Engineering),Sharfuddin Khan,Associate Program Chair and Associate Professor,Associate Program Chair and Associate Professor,Sharfuddin.Khan@uregina.ca,https://www.uregina.ca/engineering/directory/sharfuddin-khan.html,"Supply Chain Management, Sustainability, Multi-Criteria Decision Making, Performance Evaluation and Improvement",NONE,NONE,NONE,NONE,NOT FOUND,NOT FOUND,NOT FOUND,NONE
University of Regina,Industrial Systems Engineering (Industrial & Process Systems Engineering),Mohammad Khondoker,Program Chair and Associate Professor,Program Chair and Associate Professor,Mohammad.Khondoker@uregina.ca,https://www.uregina.ca/engineering/directory/mohammad-khondoker.html,Metal Additive Manufacturing; Extrusion Printing; Digital Light Processing; Polymer Nanocomposites; Biocomposites; Smart Materials; Liquid Metal; Stretchable/Flexible Electronics; 3D Printing of Regolith Materials; Curable Resins; Design for Additive Manufacturing (DfAM); Robotic 3D Printing Systems.,NONE,NONE,NONE,NONE,NOT FOUND,NOT FOUND,NOT FOUND,NONE
University of Regina,Industrial Systems Engineering (Industrial & Process Systems Engineering),Mehran Mehrandezh,Professor,NONE,Mehran.Mehrandezh@uregina.ca,https://www.uregina.ca/engineering/directory/mehran-mehrandezh.html,"Motion planning of co-operating robotic arms in dynamic environments, Autonomous sensor-based motion planning of robots (mobile and articulated), Computer integrated manufacturing, inspection, assembly, Remote control/analysis via Internet, Urban search and rescue robotics, Time-optimal rendezvous planning of co-operating robots for pick-and-place task sharing",NONE,NONE,NONE,NONE,NOT FOUND,NOT FOUND,NOT FOUND,NONE
University of Regina,Industrial Systems Engineering (Industrial & Process Systems Engineering),SD Jacob Muthu,Associate Professor,NONE,Jacob.Muthu@uregina.ca,https://www.uregina.ca/engineering/directory/jacob-muthu.html,Polymer nano/hybrid composite coatings/liners for,NONE,NONE,NONE,NONE,NOT FOUND,NOT FOUND,NOT FOUND,NONE
University of Regina,Industrial Systems Engineering (Industrial & Process Systems Engineering),Denise Stilling,Associate Professor,NONE,Denise.Stilling@uregina.ca,https://www.uregina.ca/engineering/directory/denise-stilling.html,"Value-added product and manufacturing research and development from agricultural fiber and reclaimed material, Engineering management including principles of lean manufacturing, JIT, agile manufacturing, operational management, etc., Human Factors Engineering including ergonomics, safety design, procedures, etc., Applied mechanical engineering analysis and design including biomechanics, vibration",NONE,NONE,NONE,NONE,NOT FOUND,NOT FOUND,NOT FOUND,NONE
University of Regina,Industrial Systems Engineering (Industrial & Process Systems Engineering),Tanjilul Islam,Lab Instructor,SKIP,SKIP,https://www.uregina.ca/engineering/directory/tanjilul-islam.html,SKIP,SKIP,SKIP,SKIP,SKIP,SKIP,SKIP,SKIP,SKIP
University of Regina,Industrial Systems Engineering (Industrial & Process Systems Engineering),Tianci Li,Lab Instructor,SKIP,SKIP,https://www.uregina.ca/engineering/directory/tianci-li.html,SKIP,SKIP,SKIP,SKIP,SKIP,SKIP,SKIP,SKIP,SKIP
Memorial University of Newfoundland,Ocean and Naval Architectural Engineering,Bruce Quinton,Professor,Deputy Head,bruce.quinton@mun.ca,https://www.mun.ca/engineering/about/people/brucequinton.php,Low- and Non-ice Class Ships in Ice; Arctic Ships and Structures; Moving/Sliding Loads; Extreme and Accidental Loads; Ice Loads on Marine Structures; Arctic Materials,NONE,NONE,NONE,NONE,NOT FOUND,NOT FOUND,NOT FOUND,NONE
Memorial University of Newfoundland,Ocean and Naval Architectural Engineering,Neil Bose,Professor,Vice-President (Research) [per listed email vp.research],vp.research@mun.ca (listed address is vp.research[at]mun.ca),https://www.mun.ca/research/about/vpr/bose.php,NOT FOUND,NONE,NONE,NONE,NONE,NOT FOUND,NOT FOUND,NOT FOUND,NONE
Memorial University of Newfoundland,Ocean and Naval Architectural Engineering,Claude Daley,Professor,NONE,cdaley@mun.ca,https://www.mun.ca/engineering/about/people/claudedaley.php,Arctic marine structures,https://www.engr.mun.ca/~cdaley/,NONE,NONE,NONE,NOT FOUND,NOT FOUND,NOT FOUND,NONE
Memorial University of Newfoundland,Ocean and Naval Architectural Engineering,David Molyneux,Associate Professor,NONE,david.molyneux@mun.ca,https://www.mun.ca/engineering/about/people/davidmolyneux.php,"Performance of ships and offshore structures in ice, safety of ships and offshore structures",NONE,NONE,NONE,NONE,NOT FOUND,NOT FOUND,NOT FOUND,NONE
Memorial University of Newfoundland,Ocean and Naval Architectural Engineering,Heather Peng,Professor,NONE,hpeng@mun.ca,https://www.mun.ca/engineering/about/people/heatherpeng.php,NOT FOUND,NONE,NONE,NONE,NONE,NOT FOUND,NOT FOUND,NOT FOUND,NONE
Memorial University of Newfoundland,Ocean and Naval Architectural Engineering,Doug Smith,Assistant Professor,NONE,d.smith@mun.ca (page text shows d.smith[at]mun.ca; its mailto link points to r35drs@mun.ca),https://www.mun.ca/engineering/about/people/dougsmith.php,"Safety Management, Complex Systems, Human Factors",https://www.engr.mun.ca/~d.smith,NONE,NONE,NONE,NOT FOUND,NOT FOUND,NOT FOUND,NONE
Memorial University of Newfoundland,Ocean and Naval Architectural Engineering,Lorenzo Moro,Associate Professor,NONE,lmoro@mun.ca,https://www.mun.ca/engineering/about/our-people/lorenzo-moro/,"Ship Structures, Ship Structural Dynamics, Ship Noise and Vibration",NONE,NONE,NONE,NONE,NOT FOUND,NOT FOUND,NOT FOUND,NONE
Memorial University of Newfoundland,Ocean and Naval Architectural Engineering,Brian Veitch,Professor,NONE,bveitch@mun.ca,https://www.mun.ca/engineering/about/people/brianveitch.php,NOT FOUND,NONE,NONE,NONE,NONE,NOT FOUND,NOT FOUND,NOT FOUND,NONE
Memorial University of Newfoundland,Ocean and Naval Architectural Engineering,Dan Walker,Professor,NONE,dwalker@mun.ca,https://www.mun.ca/engineering/ona/about-us/our-people/,NOT FOUND,NONE,NONE,NONE,NONE,NOT FOUND,NOT FOUND,NOT FOUND,NONE
Memorial University of Newfoundland,Ocean and Naval Architectural Engineering,Mohammed (Shameem) Islam,Adjunct Professor,SKIP,SKIP,https://www.mun.ca/engineering/ona/about-us/our-people/,SKIP,SKIP,SKIP,SKIP,SKIP,SKIP,SKIP,SKIP,SKIP
Memorial University of Newfoundland,Ocean and Naval Architectural Engineering,John MacKay,Adjunct Professor,SKIP,SKIP,https://www.mun.ca/engineering/ona/about-us/our-people/,SKIP,SKIP,SKIP,SKIP,SKIP,SKIP,SKIP,SKIP,SKIP
Memorial University of Newfoundland,Ocean and Naval Architectural Engineering,James P. Millan,Adjunct Professor,SKIP,SKIP,https://www.mun.ca/engineering/ona/about-us/our-people/,SKIP,SKIP,SKIP,SKIP,SKIP,SKIP,SKIP,SKIP,SKIP
Memorial University of Newfoundland,Ocean and Naval Architectural Engineering,Dave Murrin,Adjunct Professor,SKIP,SKIP,https://www.mun.ca/engineering/ona/about-us/our-people/,SKIP,SKIP,SKIP,SKIP,SKIP,SKIP,SKIP,SKIP,SKIP
Memorial University of Newfoundland,Ocean and Naval Architectural Engineering,Jonathan Power,Adjunct Professor,SKIP,SKIP,https://www.mun.ca/engineering/ona/about-us/our-people/,SKIP,SKIP,SKIP,SKIP,SKIP,SKIP,SKIP,SKIP,SKIP
Memorial University of Newfoundland,Ocean and Naval Architectural Engineering,Jennifer Smith,Adjunct Professor,SKIP,SKIP,https://www.mun.ca/engineering/ona/about-us/our-people/,SKIP,SKIP,SKIP,SKIP,SKIP,SKIP,SKIP,SKIP,SKIP
Memorial University of Newfoundland,Ocean and Naval Architectural Engineering,Don Bass,Retired Professor,SKIP,SKIP,https://www.mun.ca/engineering/ona/about-us/our-people/,SKIP,SKIP,SKIP,SKIP,SKIP,SKIP,SKIP,SKIP,SKIP
Memorial University of Newfoundland,Ocean and Naval Architectural Engineering,Bruce Colbourne,Retired Professor,SKIP,SKIP,https://www.mun.ca/engineering/ona/about-us/our-people/,SKIP,SKIP,SKIP,SKIP,SKIP,SKIP,SKIP,SKIP,SKIP
Memorial University of Newfoundland,Ocean and Naval Architectural Engineering,Dag Friis,Retired Professor,SKIP,SKIP,https://www.mun.ca/engineering/ona/about-us/our-people/,SKIP,SKIP,SKIP,SKIP,SKIP,SKIP,SKIP,SKIP,SKIP
Memorial University of Newfoundland,Ocean and Naval Architectural Engineering,Mahmoud Haddara,Professor Emeritus,SKIP,SKIP,https://www.mun.ca/engineering/ona/about-us/our-people/,SKIP,SKIP,SKIP,SKIP,SKIP,SKIP,SKIP,SKIP,SKIP
University of Manitoba,Mechanical Engineering,Sean O'Brien,Associate Head (Undergraduate Program),Associate Head - Undergraduate Program,sean.obrien@umanitoba.ca,https://www.umanitoba.ca/engineering/faculty-staff/mechanical-engineering/sean-obrien,"Mechanical Engineering, Finite Element Analysis, Biomechanical Devices, Engineering Education.",NONE,NONE,NONE,NONE,NOT FOUND,NOT FOUND,NOT FOUND,NONE
University of Manitoba,Mechanical Engineering,Chuang Deng,Professor,NONE,chuang.deng@umanitoba.ca,https://www.umanitoba.ca/engineering/faculty-staff/mechanical-engineering/chuang-deng,Metal metallurgy; Nanostructures; Structure defects; Grain boundaries; Metallic glasses; High entropy alloys.,https://home.cc.umanitoba.ca/~dengc/index.html,"Graduate Student Opportunities Dr. Deng is currently seeking graduate students. He currently has openings for two Ph.D. students with financial support at the University of Manitoba for Summer (May or July) or Fall (September) 2024 intake. (1) Position 1 will focus on the structure, thermodynamics and/or kinetics of grain boundaries in metals; (2) Position 2 will focus on the design and characterization of high-entropy steels. Both positions will use atomistic simulations and machine learning as the main tools. Candidates with strong interests and background in materials science or physics are encouraged to contact Dr. Deng (Chuang.Deng@umanitoba.ca) directly. Please include your CV, transcript(s), and indicate your interested area of research in the inquiry.",https://www.umanitoba.ca/engineering/faculty-staff/mechanical-engineering/chuang-deng,date stated in quote: Fall (September) 2024,https://home.cc.umanitoba.ca/~dengc/People%20-%20Chuang%20Research%20Group.htm,0 lines labelled as grad students (page may not label degree; check manually),2024,NONE
University of Manitoba,Mechanical Engineering,Guo-zhen Zhu,"Canada Research Chair, Associate Professor","Canada Research Chair, Associate Professor",guozhen.zhu@umanitoba.ca,https://www.umanitoba.ca/engineering/faculty-staff/mechanical-engineering/guo-zhen-zhu,"Nanostructured materials, Interfaces, Dislocations, Advanced materials characterization, Transmission electron microscopy and spectroscopy",NONE,"Graduate Student Opportunities Graduate student position available for candidates in Materials Science, Physics, or related fields.",https://www.umanitoba.ca/engineering/faculty-staff/mechanical-engineering/guo-zhen-zhu,see quote,NOT FOUND,NOT FOUND,NOT FOUND,NONE
University of Manitoba,Mechanical Engineering,Malcolm Xing,Professor,NONE,malcolm.xing@umanitoba.ca,https://umanitoba.ca/engineering/faculty-staff/mechanical-engineering/malcolm-xing,"Biomaterials for tissue/organ repair, bioadhesion (bioglue) for sutureless surgery, hemorrhage management.",http://www.tissueengineering.ca/,[heading only — no text under it] Graduate student opportunities,https://umanitoba.ca/engineering/faculty-staff/mechanical-engineering/malcolm-xing,see quote,http://www.tissueengineering.ca/people.html,0 lines labelled as grad students (page may not label degree; check manually),no year printed on page,NONE
University of Manitoba,Mechanical Engineering,Raghavan Jayaraman,Associate Professor,NONE,Raghavan.Jayaraman@umanitoba.ca,https://www.umanitoba.ca/engineering/faculty-staff/mechanical-engineering (directory listing; no individual profile page linked),Material Science and Engineering,NONE,NONE,NONE,NONE,NOT FOUND,NOT FOUND,NOT FOUND,NONE
University of Manitoba,Mechanical Engineering,Jay Wang,Assistant Professor,NONE,J.Wang@umanitoba.ca,https://www.umanitoba.ca/engineering/faculty-staff/mechanical-engineering (directory listing; no individual profile page linked),"Robot Autonomy Lab (directory lists ""Research:"" followed by lab name)",https://robotautonomylab.com,We’re looking for motivated students and researchers to work with us on exciting AI-driven robotics projects.,https://robotautonomylab.com,undated (fetched 2026-10-06),https://robotautonomylab.com/#/team,"4 (auto-count of lines labelled PhD/MASc/MSc/MEng student on the people page, excluding Alumni/Former sections)",no year printed on page,NONE
